編號,車輛資訊,初始出發地,運用1,,,,,,運用2,,,,,,運用3,,,,,,運用4,,,,,,運用5,,,,,,運用6,,,,,,運用7,,,,,,運用8,,,,,,運用9,,,,,,運用10,,,,,,運用11,,,,,,運用12,,,,,,運用13,,,,,,運用14,,,,,,運用15,,,,,,運用16,,,,,,運用17,,,,,,運用18,,,,,,運用19,,,,,,運用20,,,,,,運用21,,,,,,運用22,,,,,,運用23,,,,,,運用24,,,,,,運用25,,,,,,運用26,,,,,,運用27,,,,,,運用28,,,,,,運用29,,,,,,運用30,,,,,,運用31,,,,,,運用32,,,,,,運用33,,,,,,運用34,,,,,,運用35,,,,,,運用36,,,,,,運用37,,,,,,運用38,,,,,,運用39,,,,,,運用40,,,,,,運用41,,,,,,運用42,,,,,,運用43,,,,,,運用44,,,,,,運用45,,,,,,運用46,,,,,,運用47,,,,,,運用48,,,,,,運用49,,,,,,運用50,,,,,,運用51,,,,,,運用52,,,,,,運用53,,,,,,運用54,,,,,,運用55,,,,,,運用56,,,,,,運用57,,,,,,運用58,,,,,,運用59,,,,,,運用60,,,,,,運用61,,,,,,運用62,,,,,,運用63,,,,,,運用64,,,,,,運用65,,,,,,運用66,,,,,,運用67,,,,,,運用68,,,,,,收班停留地
1,一般列車,S,1,回送,1001,S,>,O,2,入庫,,,>,O暫留線,3,test_C,3044,O,>,S,4,test_C,3047,S,>,O,5,test_C,3054,O,>,S,6,test_C,3055,S,>,J,7,test_A,2011,J,>,A,8,test_A,1014,A,>,J,9,入庫,,,>,J暫留線,10,test_C,3086,J,>,S,11,入庫,,,>,S庫,12,test_C,3105,S,>,O,13,入庫,,,>,O暫留線,14,test_C,3124,O,>,S,15,test_C,3123,S,>,O,16,test_C,3128,O,>,S,17,test_C,3131,S,>,O,18,test_C,3140,O,>,S,19,test_C,3139,S,>,O,20,test_C,3146,O,>,S,21,test_C,3147,S,>,O,22,test_C,3152,O,>,S,23,test_C,3155,S,>,O,24,test_C,3160,O,>,S,25,test_C,3163,S,>,O,26,入庫,,,>,O暫留線,27,test_C,3172,O,>,S,28,test_C,3175,S,>,O,29,test_C,3180,O,>,S,30,test_C,3183,S,>,O,31,入庫,,,>,O暫留線,32,test_C,3192,O,>,S,33,test_C,3195,S,>,O,34,test_C,3200,O,>,S,35,test_C,3203,S,>,O,36,入庫,,,>,O暫留線,37,test_C,3212,O,>,S,38,test_C,3215,S,>,O,39,test_C,3220,O,>,S,40,test_C,3223,S,>,O,41,入庫,,,>,O暫留線,42,test_C,3232,O,>,S,43,test_C,3235,S,>,O,44,test_C,3240,O,>,S,45,回送,1021,S,>,J,46,test_A,1047,J,>,A,47,test_A,3138,A,>,J,48,test_A,2071,J,>,A,49,test_A,2068,A,>,J,50,test_C,3278,J,>,S,51,入庫,,,>,S庫,52,test_C,3301,S,>,O,53,test_C,3312,O,>,S,54,test_C,3311,S,>,O,55,test_C,3316,O,>,S,56,test_C,3319,S,>,O,57,test_C,3326,O,>,S,58,test_C,3327,S,>,J,59,test_A,2085,J,>,A,,,,,,,,,,,,,,,,,,,,,,,,,,,,,,,,,,,,,,,,,,,,,,,,,,,,,,,前往 S庫 (等待回送)
,T_001,,,,,03:06:30,,03:13:00,,O暫留線,,,,03:13:00,,上行,test_C_00,05:10:20,,05:18:20,,下行,test_C_500,05:21:00,,05:29:00,,上行,test_C_00,05:34:20,,05:42:20,,下行,test_C_501,05:45:00,,05:55:00,,下行,test_A_502,05:57:00,,06:17:40,,上行,test_A_03,06:18:00,,06:32:00,,J暫留線,,,,06:39:00,,上行,test_C_01,07:27:40,,07:37:40,,S庫,,,,07:45:40,,下行,test_C_500,07:57:30,,08:05:30,,O暫留線,,,,08:15:30,,上行,test_C_00,08:33:50,,08:41:50,,下行,test_C_500,08:42:30,,08:50:30,,上行,test_C_00,08:50:50,,08:58:50,,下行,test_C_500,09:02:43,,09:10:43,,上行,test_C_00,09:14:58,,09:22:58,,下行,test_C_500,09:24:32,,09:32:32,,上行,test_C_00,09:36:47,,09:44:47,,下行,test_C_500,09:46:21,,09:54:21,,上行,test_C_00,09:58:36,,10:06:36,,下行,test_C_500,10:09:00,,10:17:00,,上行,test_C_00,10:22:20,,10:30:20,,下行,test_C_500,10:33:00,,10:41:00,,O暫留線,,,,10:51:00,,上行,test_C_00,10:58:20,,11:06:20,,下行,test_C_500,11:09:00,,11:17:00,,上行,test_C_00,11:22:20,,11:30:20,,下行,test_C_500,11:33:00,,11:41:00,,O暫留線,,,,11:51:00,,上行,test_C_00,11:58:20,,12:06:20,,下行,test_C_500,12:09:00,,12:17:00,,上行,test_C_00,12:22:20,,12:30:20,,下行,test_C_500,12:33:00,,12:41:00,,O暫留線,,,,12:51:00,,上行,test_C_00,12:58:20,,13:06:20,,下行,test_C_500,13:09:00,,13:17:00,,上行,test_C_00,13:22:20,,13:30:20,,下行,test_C_500,13:33:00,,13:41:00,,O暫留線,,,,13:51:00,,上行,test_C_00,13:58:20,,14:06:20,,下行,test_C_500,14:09:00,,14:17:00,,上行,test_C_00,14:22:20,,14:30:20,,,,14:30:30,,14:38:30,,下行,test_A_503,14:39:55,,14:53:55,,上行,test_A_00,15:38:15,,16:03:15,,下行,test_A_502,16:06:00,,16:26:40,,上行,test_A_02,16:30:00,,16:50:40,,上行,test_C_01,16:52:40,,17:02:40,,S庫,,,,17:10:40,,下行,test_C_500,17:17:30,,17:25:30,,上行,test_C_00,17:33:50,,17:41:50,,下行,test_C_500,17:42:30,,17:50:30,,上行,test_C_00,17:50:50,,17:58:50,,下行,test_C_500,18:02:30,,18:10:30,,上行,test_C_00,18:13:50,,18:21:50,,下行,test_C_501,18:22:30,,18:32:30,,下行,test_A_502,18:35:00,,18:55:40,,,,,,,,,,,,,,,,,,,,,,,,,,,,,,,,,,,,,,,,,,,,,,,,,,,,,,,18:55:40
2,一般列車,A,1,回送,1080,A,>,Z,2,入庫,,,>,Z暫留線,3,test_B,1009,Z,>,A,4,test_B,2010,A,>,Z,5,test_B,3011,Z,>,A,6,test_B,3014,A,>,Z,7,test_B,3015,Z,>,A,8,test_B,3018,A,>,Z,9,入庫,,,>,Z暫留線,10,test_B,3021,Z,>,A,11,入庫,,,>,A庫,12,test_B,3026,A,>,Z,13,入庫,,,>,Z暫留線,14,test_B,3029,Z,>,A,15,入庫,,,>,A庫,16,test_B,3034,A,>,Z,17,入庫,,,>,Z暫留線,18,test_B,1027,Z,>,A,19,test_B,3040,A,>,Z,20,test_B,3041,Z,>,A,21,入庫,,,>,A庫,22,test_B,3044,A,>,Z,23,test_B,1033,Z,>,A,24,test_B,2034,A,>,Z,25,test_B,3047,Z,>,A,26,入庫,,,>,A庫,27,test_B,3052,A,>,Z,28,test_B,1041,Z,>,A,29,test_B,2042,A,>,Z,30,test_B,3055,Z,>,A,31,入庫,,,>,A庫,32,test_B,3058,A,>,Z,33,test_B,1047,Z,>,A,34,test_B,2048,A,>,Z,35,test_B,3061,Z,>,A,36,入庫,,,>,A庫,37,test_B,3064,A,>,Z,38,test_B,1053,Z,>,A,39,test_B,2054,A,>,Z,40,test_B,1055,Z,>,A,41,test_B,2056,A,>,Z,42,入庫,,,>,Z暫留線,43,test_B,3069,Z,>,A,44,入庫,,,>,A庫,45,test_B,3072,A,>,Z,46,入庫,,,>,Z暫留線,47,test_B,3073,Z,>,A,48,入庫,,,>,A庫,49,test_B,3076,A,>,Z,50,入庫,,,>,Z暫留線,51,test_B,3077,Z,>,A,52,入庫,,,>,A庫,53,test_B,3080,A,>,Z,54,入庫,,,>,Z暫留線,55,test_B,3081,Z,>,A,56,入庫,,,>,A庫,,,,,,,,,,,,,,,,,,,,,,,,,,,,,,,,,,,,,,,,,,,,,,,,,,,,,,,,,,,,,,,,,,,,,,,,,A庫
,T_001,,,,,03:11:55,,03:23:25,,Z暫留線,,,,03:23:25,,下行,test_B_502,05:07:30,,05:19:30,,上行,test_B_01,05:25:40,,05:39:40,,下行,test_B_500,05:45:00,,06:03:00,,上行,test_B_00,06:10:00,,06:28:00,,下行,test_B_500,06:30:00,,06:48:00,,上行,test_B_00,06:56:55,,07:14:55,,Z暫留線,,,,07:20:55,,下行,test_B_500,07:23:10,,07:41:10,,A庫,,,,07:49:10,,上行,test_B_00,07:55:40,,08:13:40,,Z暫留線,,,,08:19:40,,下行,test_B_500,08:23:10,,08:41:10,,A庫,,,,08:49:10,,上行,test_B_00,08:55:40,,09:13:40,,Z暫留線,,,,09:19:40,,下行,test_B_502,09:37:30,,09:49:30,,上行,test_B_00,09:56:55,,10:14:55,,下行,test_B_500,10:15:00,,10:33:00,,A庫,,,,10:41:00,,上行,test_B_00,10:45:00,,11:03:00,,下行,test_B_502,11:07:30,,11:19:30,,上行,test_B_01,11:25:40,,11:39:40,,下行,test_B_500,11:45:00,,12:03:00,,A庫,,,,12:11:00,,上行,test_B_00,12:45:00,,13:03:00,,下行,test_B_502,13:07:30,,13:19:30,,上行,test_B_01,13:25:40,,13:39:40,,下行,test_B_500,13:45:00,,14:03:00,,A庫,,,,14:11:00,,上行,test_B_00,14:15:00,,14:33:00,,下行,test_B_502,14:37:30,,14:49:30,,上行,test_B_01,14:55:40,,15:09:40,,下行,test_B_500,15:15:00,,15:33:00,,A庫,,,,15:41:00,,上行,test_B_00,15:45:00,,16:03:00,,下行,test_B_502,16:07:30,,16:19:30,,上行,test_B_01,16:22:30,,16:36:30,,下行,test_B_502,16:37:30,,16:49:30,,上行,test_B_01,16:52:30,,17:06:30,,Z暫留線,,,,17:12:30,,下行,test_B_500,17:15:00,,17:33:00,,A庫,,,,17:41:00,,上行,test_B_00,17:45:45,,18:03:45,,Z暫留線,,,,18:09:45,,下行,test_B_500,18:15:00,,18:33:00,,A庫,,,,18:41:00,,上行,test_B_00,18:45:45,,19:03:45,,Z暫留線,,,,19:09:45,,下行,test_B_500,19:15:00,,19:33:00,,A庫,,,,19:41:00,,上行,test_B_00,19:45:45,,20:03:45,,Z暫留線,,,,20:09:45,,下行,test_B_500,20:15:00,,20:33:00,,A庫,,,,20:41:00,,,,,,,,,,,,,,,,,,,,,,,,,,,,,,,,,,,,,,,,,,,,,,,,,,,,,,,,,,,,,,,,,,,,,,,,,20:41:00
3,一般列車,A,1,回送,1084,A,>,J,2,入庫,,,>,J暫留線,3,test_A,1009,J,>,A,4,test_A,2010,A,>,J,5,test_C,3052,J,>,S,6,test_C,3059,S,>,O,7,test_C,3072,O,>,S,8,test_C,3071,S,>,J,9,test_A,1015,J,>,A,10,入庫,,,>,A庫,11,test_A,3040,A,>,J,12,入庫,,,>,J暫留線,13,test_A,3049,J,>,A,14,test_A,1022,A,>,J,15,入庫,,,>,J暫留線,16,回送,1081,J,>,A,17,test_A,2036,A,>,J,18,test_A,3085,J,>,A,19,入庫,,,>,A庫,,,,,,,,,,,,,,,,,,,,,,,,,,,,,,,,,,,,,,,,,,,,,,,,,,,,,,,,,,,,,,,,,,,,,,,,,,,,,,,,,,,,,,,,,,,,,,,,,,,,,,,,,,,,,,,,,,,,,,,,,,,,,,,,,,,,,,,,,,,,,,,,,,,,,,,,,,,,,,,,,,,,,,,,,,,,,,,,,,,,,,,,,,,,,,,,,,,,,,,,,,,,,,,,,,,,,,,,,,,,,,,,,,,,,,,,,,,,,,,,,,,,,,,,,,,,,,,,,,,,,,,,,,,,,,,,,,,,,,,,,,,,,,,,,,,,,,,A庫
,T_001,,,,,03:14:15,,03:27:35,,J暫留線,,,,03:27:35,,下行,test_A_503,05:07:30,,05:21:30,,上行,test_A_02,05:22:30,,05:43:10,,上行,test_C_01,05:45:10,,05:55:10,,下行,test_C_500,05:57:00,,06:05:00,,上行,test_C_00,06:20:25,,06:28:25,,下行,test_C_501,06:31:10,,06:41:10,,下行,test_A_503,06:42:00,,06:56:00,,A庫,,,,07:04:00,,上行,test_A_00,07:09:00,,07:34:00,,J暫留線,,,,07:41:00,,下行,test_A_500,07:48:50,,08:13:50,,上行,test_A_03,08:15:00,,08:29:00,,J暫留線,,,,08:36:00,,,,08:46:20,,08:59:40,,上行,test_A_02,09:06:00,,09:26:40,,下行,test_A_500,09:30:00,,09:55:00,,A庫,,,,10:03:00,,,,,,,,,,,,,,,,,,,,,,,,,,,,,,,,,,,,,,,,,,,,,,,,,,,,,,,,,,,,,,,,,,,,,,,,,,,,,,,,,,,,,,,,,,,,,,,,,,,,,,,,,,,,,,,,,,,,,,,,,,,,,,,,,,,,,,,,,,,,,,,,,,,,,,,,,,,,,,,,,,,,,,,,,,,,,,,,,,,,,,,,,,,,,,,,,,,,,,,,,,,,,,,,,,,,,,,,,,,,,,,,,,,,,,,,,,,,,,,,,,,,,,,,,,,,,,,,,,,,,,,,,,,,,,,,,,,,,,,,,,,,,,,,,,,,,,,10:03:00
4,一般列車,S,1,回送,1003,S,>,O,2,test_C,3042,O,>,S,3,test_C,3045,S,>,J,4,test_A,2009,J,>,A,5,test_A,2012,A,>,J,6,test_C,3062,J,>,S,7,回送,1017,S,>,J,8,test_A,2015,J,>,A,9,test_A,2020,A,>,J,10,test_A,3047,J,>,A,11,test_A,2026,A,>,J,12,test_C,3108,J,>,S,13,入庫,,,>,S庫,14,test_C,3121,S,>,J,15,test_A,2033,J,>,A,16,test_A,3084,A,>,J,17,test_A,3089,J,>,F,18,test_A,3160,F,>,J,19,入庫,,,>,J暫留線,20,test_A,3165,J,>,A,21,test_A,2082,A,>,J,22,test_A,3179,J,>,F,23,test_A,3192,F,>,J,24,入庫,,,>,J暫留線,25,test_A,2095,J,>,A,26,test_A,3202,A,>,J,27,test_A,1071,J,>,A,28,test_A,3214,A,>,J,29,test_A,1075,J,>,A,30,test_A,3222,A,>,J,31,入庫,,,>,J暫留線,32,test_A,3229,J,>,A,33,test_A,2114,A,>,J,34,回送,1099,J,>,A,,,,,,,,,,,,,,,,,,,,,,,,,,,,,,,,,,,,,,,,,,,,,,,,,,,,,,,,,,,,,,,,,,,,,,,,,,,,,,,,,,,,,,,,,,,,,,,,,,,,,,,,,,,,,,,,,,,,,,,,,,,,,,,,,,,,,,,,,,,,,,,,,,,,,,,,,,,,,,,,,,,,,,,,,,,,,,,,,,,,,,,,,,,,,,,,,,,,,,,,,,,,,前往 S庫 (等待回送)
,T_002,,,,,03:12:30,,03:19:00,,上行,test_C_00,05:04:20,,05:12:20,,下行,test_C_501,05:15:00,,05:25:00,,下行,test_A_502,05:27:00,,05:47:40,,上行,test_A_02,05:52:30,,06:13:10,,上行,test_C_01,06:15:10,,06:25:10,,,,06:28:05,,06:36:05,,下行,test_A_502,06:43:10,,07:03:50,,上行,test_A_02,07:05:00,,07:25:40,,下行,test_A_500,07:27:00,,07:52:00,,上行,test_A_02,07:55:00,,08:15:40,,上行,test_C_01,08:17:40,,08:27:40,,S庫,,,,08:35:40,,下行,test_C_501,08:37:30,,08:47:30,,下行,test_A_502,08:51:10,,09:11:50,,上行,test_A_00,09:21:25,,09:46:25,,下行,test_A_501,09:47:08,,09:58:48,,上行,test_A_01,17:26:15,,17:37:55,,J暫留線,,,,17:44:55,,下行,test_A_500,17:50:40,,18:15:40,,上行,test_A_02,18:25:00,,18:45:40,,下行,test_A_501,18:45:40,,18:57:20,,上行,test_A_01,19:26:15,,19:37:55,,J暫留線,,,,19:44:55,,下行,test_A_502,19:49:30,,20:10:10,,上行,test_A_00,20:12:00,,20:37:00,,下行,test_A_503,20:42:00,,20:56:00,,上行,test_A_00,21:08:15,,21:33:15,,下行,test_A_503,21:39:55,,21:53:55,,上行,test_A_00,22:10:40,,22:35:40,,J暫留線,,,,22:42:40,,下行,test_A_500,23:46:10,,00:11:10,,上行,test_A_02,00:15:00,,00:35:40,,,,00:43:40,,00:57:00,,,,,,,,,,,,,,,,,,,,,,,,,,,,,,,,,,,,,,,,,,,,,,,,,,,,,,,,,,,,,,,,,,,,,,,,,,,,,,,,,,,,,,,,,,,,,,,,,,,,,,,,,,,,,,,,,,,,,,,,,,,,,,,,,,,,,,,,,,,,,,,,,,,,,,,,,,,,,,,,,,,,,,,,,,,,,,,,,,,,,,,,,,,,,,,,,,,,,,,,,,,,,00:57:00
5,一般列車,A,1,回送,1082,A,>,Z,2,入庫,,,>,Z暫留線,3,test_B,2009,Z,>,A,4,test_B,1012,A,>,Z,5,入庫,,,>,Z暫留線,6,test_B,2013,Z,>,A,7,test_B,1016,A,>,Z,8,test_B,2015,Z,>,A,9,test_B,1018,A,>,Z,10,test_B,2017,Z,>,A,11,test_B,1020,A,>,Z,12,test_B,2019,Z,>,A,13,test_B,1022,A,>,Z,14,test_B,2021,Z,>,A,15,test_B,1024,A,>,Z,16,test_B,2023,Z,>,A,17,test_B,1026,A,>,Z,18,test_B,2025,Z,>,A,19,test_B,1028,A,>,Z,20,test_B,3039,Z,>,A,21,test_B,3042,A,>,Z,22,test_B,1031,Z,>,A,23,入庫,,,>,A庫,24,test_B,1038,A,>,Z,25,入庫,,,>,Z暫留線,26,test_B,2039,Z,>,A,27,test_B,1042,A,>,Z,28,入庫,,,>,Z暫留線,29,test_B,2043,Z,>,A,30,test_B,1046,A,>,Z,31,入庫,,,>,Z暫留線,32,test_B,2047,Z,>,A,33,test_B,1050,A,>,Z,34,入庫,,,>,Z暫留線,35,test_B,2051,Z,>,A,36,test_B,1054,A,>,Z,37,test_B,2053,Z,>,A,38,test_B,1056,A,>,Z,39,test_B,2055,Z,>,A,40,test_B,1058,A,>,Z,41,test_B,2057,Z,>,A,42,test_B,1060,A,>,Z,43,test_B,2059,Z,>,A,44,test_B,1062,A,>,Z,45,test_B,2061,Z,>,A,46,test_B,1064,A,>,Z,47,test_B,2063,Z,>,A,48,test_B,1066,A,>,Z,49,test_B,2065,Z,>,A,50,test_B,1068,A,>,Z,51,test_B,2067,Z,>,A,52,test_B,1070,A,>,Z,53,test_B,2069,Z,>,A,54,test_B,1072,A,>,Z,55,test_B,2071,Z,>,A,56,test_B,1074,A,>,Z,57,入庫,,,>,Z暫留線,58,test_B,2075,Z,>,A,59,入庫,,,>,A庫,60,test_B,2084,A,>,Z,61,入庫,,,>,Z暫留線,62,回送,1079,Z,>,A,63,入庫,,,>,A庫,,,,,,,,,,,,,,,,,,,,,,,,,,,,,,,A庫
,T_002,,,,,03:17:30,,03:29:00,,Z暫留線,,,,03:29:00,,下行,test_B_501,05:22:30,,05:36:30,,上行,test_B_02,05:40:45,,05:52:45,,Z暫留線,,,,05:58:45,,下行,test_B_501,06:22:30,,06:36:30,,上行,test_B_02,06:38:30,,06:50:30,,下行,test_B_501,06:52:30,,07:06:30,,上行,test_B_02,07:07:30,,07:19:30,,下行,test_B_501,07:22:30,,07:36:30,,上行,test_B_02,07:37:30,,07:49:30,,下行,test_B_501,07:52:30,,08:06:30,,上行,test_B_02,08:07:30,,08:19:30,,下行,test_B_501,08:22:30,,08:36:30,,上行,test_B_02,08:37:30,,08:49:30,,下行,test_B_501,08:52:30,,09:06:30,,上行,test_B_02,09:07:30,,09:19:30,,下行,test_B_501,09:22:30,,09:36:30,,上行,test_B_02,09:38:30,,09:50:30,,下行,test_B_500,09:53:10,,10:11:10,,上行,test_B_00,10:15:00,,10:33:00,,下行,test_B_502,10:37:30,,10:49:30,,A庫,,,,10:57:30,,上行,test_B_02,12:10:45,,12:22:45,,Z暫留線,,,,12:28:45,,下行,test_B_501,12:52:30,,13:06:30,,上行,test_B_02,13:10:45,,13:22:45,,Z暫留線,,,,13:28:45,,下行,test_B_501,13:52:30,,14:06:30,,上行,test_B_02,14:10:45,,14:22:45,,Z暫留線,,,,14:28:45,,下行,test_B_501,14:52:30,,15:06:30,,上行,test_B_02,15:10:45,,15:22:45,,Z暫留線,,,,15:28:45,,下行,test_B_501,15:52:30,,16:06:30,,上行,test_B_02,16:07:30,,16:19:30,,下行,test_B_501,16:22:30,,16:36:30,,上行,test_B_02,16:38:30,,16:50:30,,下行,test_B_501,16:52:30,,17:06:30,,上行,test_B_02,17:07:30,,17:19:30,,下行,test_B_501,17:22:30,,17:36:30,,上行,test_B_02,17:37:30,,17:49:30,,下行,test_B_501,17:52:30,,18:06:30,,上行,test_B_02,18:07:30,,18:19:30,,下行,test_B_501,18:22:30,,18:36:30,,上行,test_B_02,18:37:30,,18:49:30,,下行,test_B_501,18:52:30,,19:06:30,,上行,test_B_02,19:07:30,,19:19:30,,下行,test_B_501,19:22:30,,19:36:30,,上行,test_B_02,19:37:30,,19:49:30,,下行,test_B_501,19:52:30,,20:06:30,,上行,test_B_02,20:07:30,,20:19:30,,下行,test_B_501,20:22:30,,20:36:30,,上行,test_B_02,20:38:30,,20:50:30,,下行,test_B_501,20:52:30,,21:06:30,,上行,test_B_02,21:10:45,,21:22:45,,Z暫留線,,,,21:28:45,,下行,test_B_501,21:52:30,,22:06:30,,A庫,,,,22:14:30,,上行,test_B_01,23:48:10,,00:02:10,,Z暫留線,,,,00:08:10,,,,00:10:10,,00:21:40,,A庫,,,,00:21:40,,,,,,,,,,,,,,,,,,,,,,,,,,,,,,,00:21:40
6,一般列車,A,1,回送,1086,A,>,J,2,入庫,,,>,J暫留線,3,test_C,3064,J,>,S,4,test_C,3075,S,>,O,5,test_C,3088,O,>,S,6,test_C,3087,S,>,O,7,test_C,3100,O,>,S,8,test_C,3099,S,>,O,9,test_C,3104,O,>,S,10,test_C,3107,S,>,O,11,test_C,3114,O,>,S,12,test_C,3115,S,>,J,13,test_A,2031,J,>,A,14,test_A,3078,A,>,J,,,,,,,,,,,,,,,,,,,,,,,,,,,,,,,,,,,,,,,,,,,,,,,,,,,,,,,,,,,,,,,,,,,,,,,,,,,,,,,,,,,,,,,,,,,,,,,,,,,,,,,,,,,,,,,,,,,,,,,,,,,,,,,,,,,,,,,,,,,,,,,,,,,,,,,,,,,,,,,,,,,,,,,,,,,,,,,,,,,,,,,,,,,,,,,,,,,,,,,,,,,,,,,,,,,,,,,,,,,,,,,,,,,,,,,,,,,,,,,,,,,,,,,,,,,,,,,,,,,,,,,,,,,,,,,,,,,,,,,,,,,,,,,,,,,,,,,,,,,,,,,,,,,,,,,,,,,,,,,,,,,,,前往 A庫 (等待回送)
,T_002,,,,,03:20:35,,03:33:55,,J暫留線,,,,03:33:55,,上行,test_C_01,06:30:30,,06:40:30,,下行,test_C_500,06:40:54,,06:48:54,,上行,test_C_00,07:03:50,,07:11:50,,下行,test_C_500,07:12:30,,07:20:30,,上行,test_C_00,07:33:50,,07:41:50,,下行,test_C_500,07:42:30,,07:50:30,,上行,test_C_00,07:50:50,,07:58:50,,下行,test_C_500,08:02:30,,08:10:30,,上行,test_C_00,08:13:50,,08:21:50,,下行,test_C_501,08:22:30,,08:32:30,,下行,test_A_502,08:36:10,,08:56:50,,上行,test_A_00,08:57:00,,09:22:00,,,,,,,,,,,,,,,,,,,,,,,,,,,,,,,,,,,,,,,,,,,,,,,,,,,,,,,,,,,,,,,,,,,,,,,,,,,,,,,,,,,,,,,,,,,,,,,,,,,,,,,,,,,,,,,,,,,,,,,,,,,,,,,,,,,,,,,,,,,,,,,,,,,,,,,,,,,,,,,,,,,,,,,,,,,,,,,,,,,,,,,,,,,,,,,,,,,,,,,,,,,,,,,,,,,,,,,,,,,,,,,,,,,,,,,,,,,,,,,,,,,,,,,,,,,,,,,,,,,,,,,,,,,,,,,,,,,,,,,,,,,,,,,,,,,,,,,,,,,,,,,,,,,,,,,,,,,,,,,,,,,,,09:22:00
7,一般列車,S,1,回送,1005,S,>,J,2,入庫,,,>,J暫留線,3,test_A,1011,J,>,A,4,test_A,3026,A,>,J,5,test_A,3033,J,>,A,6,test_A,1018,A,>,J,7,入庫,,,>,J暫留線,8,test_C,3098,J,>,S,9,入庫,,,>,S庫,10,test_C,3117,S,>,O,11,入庫,,,>,O暫留線,12,test_C,3138,O,>,S,13,test_C,3135,S,>,O,14,test_C,3142,O,>,S,15,test_C,3141,S,>,J,16,test_A,2039,J,>,A,17,test_A,1030,A,>,J,18,test_A,3095,J,>,A,19,test_A,3100,A,>,J,20,入庫,,,>,J暫留線,21,test_A,1035,J,>,A,22,test_A,3110,A,>,J,23,test_A,1039,J,>,A,24,test_A,2102,A,>,J,25,test_C,3400,J,>,S,26,test_C,3407,S,>,O,27,test_C,3414,O,>,S,28,test_C,3413,S,>,O,29,test_C,3420,O,>,S,30,test_C,3421,S,>,O,31,test_C,3428,O,>,S,32,test_C,3425,S,>,O,33,test_C,3434,O,>,S,34,test_C,3429,S,>,O,35,test_C,3440,O,>,S,36,入庫,,,>,S庫,,,,,,,,,,,,,,,,,,,,,,,,,,,,,,,,,,,,,,,,,,,,,,,,,,,,,,,,,,,,,,,,,,,,,,,,,,,,,,,,,,,,,,,,,,,,,,,,,,,,,,,,,,,,,,,,,,,,,,,,,,,,,,,,,,,,,,,,,,,,,,,,,,,,,,,,,,,,,,,,,,,,,,,,,,,,,,,,,,,,,,,,,,,,,,,,,S庫
,T_003,,,,,03:20:15,,03:28:15,,J暫留線,,,,03:28:15,,下行,test_A_503,05:39:55,,05:53:55,,上行,test_A_00,06:15:27,,06:40:27,,下行,test_A_500,06:44:24,,07:09:24,,上行,test_A_03,07:15:00,,07:29:00,,J暫留線,,,,07:36:00,,上行,test_C_01,07:57:40,,08:07:40,,S庫,,,,08:15:40,,下行,test_C_500,08:27:30,,08:35:30,,O暫留線,,,,08:45:30,,上行,test_C_00,09:04:03,,09:12:03,,下行,test_C_500,09:13:38,,09:21:38,,上行,test_C_00,09:21:40,,09:29:40,,下行,test_C_501,09:31:10,,09:41:10,,下行,test_A_502,09:43:10,,10:03:50,,上行,test_A_03,10:07:30,,10:21:30,,下行,test_A_500,10:28:10,,10:53:10,,上行,test_A_00,10:53:10,,11:18:10,,J暫留線,,,,11:25:10,,下行,test_A_503,11:39:55,,11:53:55,,上行,test_A_00,12:08:15,,12:33:15,,下行,test_A_503,12:39:55,,12:53:55,,上行,test_A_02,21:22:30,,21:43:10,,上行,test_C_01,21:45:10,,21:55:10,,下行,test_C_500,21:57:00,,22:05:00,,上行,test_C_00,22:05:37,,22:13:37,,下行,test_C_500,22:21:25,,22:29:25,,上行,test_C_00,22:39:54,,22:47:54,,下行,test_C_500,22:55:42,,23:03:42,,上行,test_C_00,23:08:50,,23:16:50,,下行,test_C_500,23:22:30,,23:30:30,,上行,test_C_00,23:40:50,,23:48:50,,下行,test_C_500,23:52:30,,00:00:30,,上行,test_C_00,00:10:50,,00:18:50,,S庫,,,,00:26:50,,,,,,,,,,,,,,,,,,,,,,,,,,,,,,,,,,,,,,,,,,,,,,,,,,,,,,,,,,,,,,,,,,,,,,,,,,,,,,,,,,,,,,,,,,,,,,,,,,,,,,,,,,,,,,,,,,,,,,,,,,,,,,,,,,,,,,,,,,,,,,,,,,,,,,,,,,,,,,,,,,,,,,,,,,,,,,,,,,,,,,,,,,,,,,,,,00:26:50
8,一般列車,A,1,回送,1084,A,>,Z,2,test_B,3009,Z,>,A,3,入庫,,,>,A庫,4,test_B,3012,A,>,Z,5,test_B,1013,Z,>,A,6,test_B,2014,A,>,Z,7,入庫,,,>,Z暫留線,8,test_B,3017,Z,>,A,9,入庫,,,>,A庫,10,test_B,3022,A,>,Z,11,入庫,,,>,Z暫留線,12,test_B,3025,Z,>,A,13,入庫,,,>,A庫,14,test_B,3030,A,>,Z,15,入庫,,,>,Z暫留線,16,test_B,3033,Z,>,A,17,入庫,,,>,A庫,18,test_B,3090,A,>,Z,19,入庫,,,>,Z暫留線,20,test_B,3091,Z,>,A,21,入庫,,,>,A庫,,,,,,,,,,,,,,,,,,,,,,,,,,,,,,,,,,,,,,,,,,,,,,,,,,,,,,,,,,,,,,,,,,,,,,,,,,,,,,,,,,,,,,,,,,,,,,,,,,,,,,,,,,,,,,,,,,,,,,,,,,,,,,,,,,,,,,,,,,,,,,,,,,,,,,,,,,,,,,,,,,,,,,,,,,,,,,,,,,,,,,,,,,,,,,,,,,,,,,,,,,,,,,,,,,,,,,,,,,,,,,,,,,,,,,,,,,,,,,,,,,,,,,,,,,,,,,,,,,,,,,,,,,,,,,,,,,,,,,,,,,,A庫
,T_003,,,,,03:28:50,,03:40:20,,下行,test_B_500,05:15:00,,05:33:00,,A庫,,,,05:41:00,,上行,test_B_00,05:45:00,,06:03:00,,下行,test_B_502,06:07:30,,06:19:30,,上行,test_B_01,06:24:00,,06:38:00,,Z暫留線,,,,06:44:00,,下行,test_B_500,06:53:10,,07:11:10,,A庫,,,,07:19:10,,上行,test_B_00,07:25:40,,07:43:40,,Z暫留線,,,,07:49:40,,下行,test_B_500,07:53:10,,08:11:10,,A庫,,,,08:19:10,,上行,test_B_00,08:25:40,,08:43:40,,Z暫留線,,,,08:49:40,,下行,test_B_500,08:53:10,,09:11:10,,A庫,,,,09:19:10,,上行,test_B_00,22:15:00,,22:33:00,,Z暫留線,,,,22:39:00,,下行,test_B_500,22:45:00,,23:03:00,,A庫,,,,23:11:00,,,,,,,,,,,,,,,,,,,,,,,,,,,,,,,,,,,,,,,,,,,,,,,,,,,,,,,,,,,,,,,,,,,,,,,,,,,,,,,,,,,,,,,,,,,,,,,,,,,,,,,,,,,,,,,,,,,,,,,,,,,,,,,,,,,,,,,,,,,,,,,,,,,,,,,,,,,,,,,,,,,,,,,,,,,,,,,,,,,,,,,,,,,,,,,,,,,,,,,,,,,,,,,,,,,,,,,,,,,,,,,,,,,,,,,,,,,,,,,,,,,,,,,,,,,,,,,,,,,,,,,,,,,,,,,,,,,,,,,,,,,23:11:00
9,一般列車,A,1,回送,1092,A,>,J,2,入庫,,,>,J暫留線,3,test_A,3017,J,>,A,4,test_A,1012,A,>,J,5,入庫,,,>,J暫留線,6,test_A,1013,J,>,A,7,入庫,,,>,A庫,8,test_A,3044,A,>,J,9,test_A,1019,J,>,A,10,test_A,2028,A,>,J,11,test_A,3067,J,>,A,12,test_A,2034,A,>,J,13,test_C,3132,J,>,S,14,回送,1027,S,>,J,15,入庫,,,>,J暫留線,16,test_A,1055,J,>,A,17,入庫,,,>,A庫,18,test_A,3154,A,>,J,19,入庫,,,>,J暫留線,20,test_A,1059,J,>,A,21,入庫,,,>,A庫,22,test_A,2088,A,>,J,23,test_A,3191,J,>,F,24,入庫,,,>,F暫留線,25,test_A,3200,F,>,J,26,入庫,,,>,J暫留線,27,test_A,3209,J,>,F,28,入庫,,,>,F暫留線,29,回送,1104,F,>,J,30,回送,1020,J,>,S,31,test_C,3399,S,>,O,32,test_C,3408,O,>,S,33,test_C,3411,S,>,O,34,test_C,3418,O,>,S,35,test_C,3417,S,>,O,36,test_C,3422,O,>,S,,,,,,,,,,,,,,,,,,,,,,,,,,,,,,,,,,,,,,,,,,,,,,,,,,,,,,,,,,,,,,,,,,,,,,,,,,,,,,,,,,,,,,,,,,,,,,,,,,,,,,,,,,,,,,,,,,,,,,,,,,,,,,,,,,,,,,,,,,,,,,,,,,,,,,,,,,,,,,,,,,,,,,,,,,,,,,,,,,,,,,,,,,,,,,,,,前往 A庫 (等待回送)
,T_003,,,,,03:44:15,,03:57:35,,J暫留線,,,,03:57:35,,下行,test_A_500,05:09:10,,05:34:10,,上行,test_A_03,05:37:30,,05:51:30,,J暫留線,,,,05:58:30,,下行,test_A_503,06:18:00,,06:32:00,,A庫,,,,06:40:00,,上行,test_A_00,07:15:45,,07:40:45,,下行,test_A_503,07:45:00,,07:59:00,,上行,test_A_02,08:05:00,,08:25:40,,下行,test_A_500,08:27:00,,08:52:00,,上行,test_A_02,08:55:00,,09:15:40,,上行,test_C_01,09:18:30,,09:28:30,,,,15:30:30,,15:38:30,,J暫留線,,,,15:38:30,,下行,test_A_503,16:42:00,,16:56:00,,A庫,,,,17:04:00,,上行,test_A_00,17:09:00,,17:34:00,,J暫留線,,,,17:41:00,,下行,test_A_503,17:45:00,,17:59:00,,A庫,,,,18:07:00,,上行,test_A_02,19:05:00,,19:25:40,,下行,test_A_501,19:26:15,,19:37:55,,F暫留線,,,,19:44:55,,上行,test_A_01,19:56:15,,20:07:55,,J暫留線,,,,20:14:55,,下行,test_A_501,20:45:20,,20:57:00,,F暫留線,,,,21:04:00,,,,21:13:20,,21:20:40,,,,21:22:30,,21:31:00,,下行,test_C_500,21:33:00,,21:41:00,,上行,test_C_00,21:58:20,,22:06:20,,下行,test_C_500,22:12:51,,22:20:51,,上行,test_C_00,22:22:45,,22:30:45,,下行,test_C_500,22:38:34,,22:46:34,,上行,test_C_00,22:48:28,,22:56:28,,,,,,,,,,,,,,,,,,,,,,,,,,,,,,,,,,,,,,,,,,,,,,,,,,,,,,,,,,,,,,,,,,,,,,,,,,,,,,,,,,,,,,,,,,,,,,,,,,,,,,,,,,,,,,,,,,,,,,,,,,,,,,,,,,,,,,,,,,,,,,,,,,,,,,,,,,,,,,,,,,,,,,,,,,,,,,,,,,,,,,,,,,,,,,,,,22:56:28
10,一般列車,A,1,回送,1094,A,>,F,2,入庫,,,>,F暫留線,3,test_A,3028,F,>,J,4,test_A,3031,J,>,A,5,test_A,3038,A,>,J,6,入庫,,,>,J暫留線,7,test_A,3063,J,>,A,8,入庫,,,>,A庫,9,回送,1082,A,>,J,10,回送,1004,J,>,S,11,test_C,3279,S,>,O,12,test_C,3290,O,>,S,13,test_C,3291,S,>,J,14,test_A,2073,J,>,A,15,入庫,,,>,A庫,16,test_A,2076,A,>,J,17,test_C,3310,J,>,S,18,test_C,3329,S,>,O,19,test_C,3348,O,>,S,20,test_C,3347,S,>,O,21,test_C,3352,O,>,S,22,test_C,3355,S,>,O,23,test_C,3362,O,>,S,24,test_C,3363,S,>,J,25,test_A,2097,J,>,A,26,test_A,3206,A,>,J,27,入庫,,,>,J暫留線,28,test_A,3231,J,>,A,29,入庫,,,>,A庫,,,,,,,,,,,,,,,,,,,,,,,,,,,,,,,,,,,,,,,,,,,,,,,,,,,,,,,,,,,,,,,,,,,,,,,,,,,,,,,,,,,,,,,,,,,,,,,,,,,,,,,,,,,,,,,,,,,,,,,,,,,,,,,,,,,,,,,,,,,,,,,,,,,,,,,,,,,,,,,,,,,,,,,,,,,,,,,,,,,,,,,,,,,,,,,,,,,,,,,,,,,,,,,,,,,,,,,,,,,,,,,,,,,,,,,,,,,A庫
,T_004,,,,,04:14:16,,04:20:16,,F暫留線,,,,04:20:16,,上行,test_A_01,06:12:51,,06:24:31,,下行,test_A_500,06:30:00,,06:55:00,,上行,test_A_00,06:55:42,,07:20:42,,J暫留線,,,,07:27:42,,下行,test_A_500,08:22:20,,08:47:20,,A庫,,,,08:55:20,,,,09:03:00,,09:16:20,,,,09:16:20,,09:24:50,,下行,test_C_500,16:19:05,,16:27:05,,上行,test_C_00,16:42:14,,16:50:14,,下行,test_C_501,16:52:54,,17:02:54,,下行,test_A_502,17:05:00,,17:25:40,,A庫,,,,17:33:40,,上行,test_A_02,17:35:00,,17:55:40,,上行,test_C_01,17:57:40,,18:07:40,,下行,test_C_500,18:27:30,,18:35:30,,上行,test_C_00,19:03:50,,19:11:50,,下行,test_C_500,19:12:30,,19:20:30,,上行,test_C_00,19:20:50,,19:28:50,,下行,test_C_500,19:32:30,,19:40:30,,上行,test_C_00,19:43:50,,19:51:50,,下行,test_C_501,19:52:30,,20:02:30,,下行,test_A_502,20:06:00,,20:26:40,,上行,test_A_00,20:27:20,,20:52:20,,J暫留線,,,,20:59:20,,下行,test_A_500,00:16:10,,00:41:10,,A庫,,,,00:49:10,,,,,,,,,,,,,,,,,,,,,,,,,,,,,,,,,,,,,,,,,,,,,,,,,,,,,,,,,,,,,,,,,,,,,,,,,,,,,,,,,,,,,,,,,,,,,,,,,,,,,,,,,,,,,,,,,,,,,,,,,,,,,,,,,,,,,,,,,,,,,,,,,,,,,,,,,,,,,,,,,,,,,,,,,,,,,,,,,,,,,,,,,,,,,,,,,,,,,,,,,,,,,,,,,,,,,,,,,,,,,,,,,,,,,,,,,,,00:49:10
11,一般列車,S,1,回送,1011,S,>,J,2,test_A,3019,J,>,A,3,test_A,3024,A,>,J,4,回送,1079,J,>,A,5,test_B,3020,A,>,Z,6,test_B,3023,Z,>,A,7,test_B,3028,A,>,Z,8,test_B,3031,Z,>,A,9,test_B,3036,A,>,Z,10,test_B,3037,Z,>,A,11,test_B,2028,A,>,Z,12,test_B,1029,Z,>,A,13,test_B,2032,A,>,Z,14,test_B,3045,Z,>,A,15,test_B,3048,A,>,Z,16,test_B,1037,Z,>,A,17,test_B,2038,A,>,Z,18,test_B,3051,Z,>,A,19,test_B,3054,A,>,Z,20,test_B,1043,Z,>,A,21,test_B,2044,A,>,Z,22,test_B,3057,Z,>,A,23,test_B,3060,A,>,Z,24,test_B,2049,Z,>,A,25,test_B,1052,A,>,Z,26,test_B,2073,Z,>,A,27,test_B,1076,A,>,Z,28,回送,1083,Z,>,A,29,test_B,2078,A,>,Z,30,test_B,1077,Z,>,A,31,test_B,3092,A,>,Z,32,test_B,3093,Z,>,A,33,test_B,3096,A,>,Z,34,回送,1081,Z,>,A,,,,,,,,,,,,,,,,,,,,,,,,,,,,,,,,,,,,,,,,,,,,,,,,,,,,,,,,,,,,,,,,,,,,,,,,,,,,,,,,,,,,,,,,,,,,,,,,,,,,,,,,,,,,,,,,,,,,,,,,,,,,,,,,,,,,,,,,,,,,,,,,,,,,,,,,,,,,,,,,,,,,,,,,,,,,,,,,,,,,,,,,,,,,,,,,,,,,,,,,,,,,,前往 S庫 (等待回送)
,T_004,,,,,04:30:30,,04:38:30,,下行,test_A_500,05:28:10,,05:53:10,,上行,test_A_00,05:53:10,,06:18:10,,,,06:26:10,,06:39:30,,上行,test_B_00,07:10:10,,07:28:10,,下行,test_B_500,07:38:10,,07:56:10,,上行,test_B_00,08:10:10,,08:28:10,,下行,test_B_500,08:38:10,,08:56:10,,上行,test_B_00,09:10:00,,09:28:00,,下行,test_B_500,09:30:00,,09:48:00,,上行,test_B_01,09:52:30,,10:06:30,,下行,test_B_502,10:07:30,,10:19:30,,上行,test_B_01,10:55:40,,11:09:40,,下行,test_B_500,11:15:00,,11:33:00,,上行,test_B_00,11:45:00,,12:03:00,,下行,test_B_502,12:07:30,,12:19:30,,上行,test_B_01,12:25:40,,12:39:40,,下行,test_B_500,12:45:00,,13:03:00,,上行,test_B_00,13:15:00,,13:33:00,,下行,test_B_502,13:37:30,,13:49:30,,上行,test_B_01,13:55:40,,14:09:40,,下行,test_B_500,14:15:00,,14:33:00,,上行,test_B_00,14:45:00,,15:03:00,,下行,test_B_501,15:22:30,,15:36:30,,上行,test_B_02,15:40:45,,15:52:45,,下行,test_B_501,21:22:30,,21:36:30,,上行,test_B_02,21:40:45,,21:52:45,,,,22:00:45,,22:12:15,,上行,test_B_01,22:13:10,,22:27:10,,下行,test_B_502,22:30:00,,22:42:00,,上行,test_B_00,22:45:00,,23:03:00,,下行,test_B_500,23:15:40,,23:33:40,,上行,test_B_00,23:48:50,,00:06:50,,,,00:19:00,,00:30:30,,,,,,,,,,,,,,,,,,,,,,,,,,,,,,,,,,,,,,,,,,,,,,,,,,,,,,,,,,,,,,,,,,,,,,,,,,,,,,,,,,,,,,,,,,,,,,,,,,,,,,,,,,,,,,,,,,,,,,,,,,,,,,,,,,,,,,,,,,,,,,,,,,,,,,,,,,,,,,,,,,,,,,,,,,,,,,,,,,,,,,,,,,,,,,,,,,,,,,,,,,,,,00:30:30
12,一般列車,A,1,test_B,1010,A,>,Z,2,入庫,,,>,Z暫留線,3,test_B,2011,Z,>,A,4,test_B,1014,A,>,Z,5,入庫,,,>,Z暫留線,6,test_B,1015,Z,>,A,7,test_B,2016,A,>,Z,8,test_B,1017,Z,>,A,9,test_B,2018,A,>,Z,10,test_B,1019,Z,>,A,11,test_B,2020,A,>,Z,12,test_B,3027,Z,>,A,13,入庫,,,>,A庫,14,test_B,3032,A,>,Z,15,入庫,,,>,Z暫留線,16,test_B,3035,Z,>,A,17,test_B,3038,A,>,Z,18,入庫,,,>,Z暫留線,19,test_B,2029,Z,>,A,20,test_B,1032,A,>,Z,21,入庫,,,>,Z暫留線,22,test_B,2033,Z,>,A,23,test_B,1036,A,>,Z,24,入庫,,,>,Z暫留線,25,test_B,2037,Z,>,A,26,test_B,1040,A,>,Z,27,入庫,,,>,Z暫留線,28,test_B,2041,Z,>,A,29,test_B,3056,A,>,Z,30,test_B,1045,Z,>,A,31,test_B,2046,A,>,Z,32,test_B,3059,Z,>,A,33,入庫,,,>,A庫,34,test_B,3062,A,>,Z,35,test_B,1051,Z,>,A,36,test_B,2052,A,>,Z,37,test_B,3065,Z,>,A,38,入庫,,,>,A庫,39,test_B,3068,A,>,Z,40,test_B,1057,Z,>,A,41,test_B,2058,A,>,Z,42,test_B,1059,Z,>,A,43,test_B,2060,A,>,Z,44,test_B,1061,Z,>,A,45,test_B,2062,A,>,Z,46,test_B,1063,Z,>,A,47,test_B,2064,A,>,Z,48,test_B,1065,Z,>,A,49,test_B,2066,A,>,Z,50,test_B,1067,Z,>,A,51,test_B,2068,A,>,Z,52,test_B,1069,Z,>,A,53,test_B,2070,A,>,Z,54,test_B,1071,Z,>,A,55,test_B,2072,A,>,Z,56,test_B,1073,Z,>,A,57,test_B,2074,A,>,Z,58,test_B,3087,Z,>,A,59,入庫,,,>,A庫,60,test_B,2080,A,>,Z,61,入庫,,,>,Z暫留線,62,test_B,2081,Z,>,A,63,入庫,,,>,A庫,,,,,,,,,,,,,,,,,,,,,,,,,,,,,,,A庫
,T_004,,,上行,test_B_02,05:10:45,,05:22:45,,Z暫留線,,,,05:28:45,,下行,test_B_501,05:52:30,,06:06:30,,上行,test_B_02,06:07:30,,06:19:30,,Z暫留線,,,,06:25:30,,下行,test_B_502,06:37:30,,06:49:30,,上行,test_B_01,06:52:30,,07:06:30,,下行,test_B_502,07:07:30,,07:19:30,,上行,test_B_01,07:22:30,,07:36:30,,下行,test_B_502,07:37:30,,07:49:30,,上行,test_B_01,07:52:30,,08:06:30,,下行,test_B_500,08:08:10,,08:26:10,,A庫,,,,08:34:10,,上行,test_B_00,08:40:10,,08:58:10,,Z暫留線,,,,09:04:10,,下行,test_B_500,09:10:00,,09:28:00,,上行,test_B_00,09:30:40,,09:48:40,,Z暫留線,,,,09:54:40,,下行,test_B_501,10:22:30,,10:36:30,,上行,test_B_02,10:40:45,,10:52:45,,Z暫留線,,,,10:58:45,,下行,test_B_501,11:22:30,,11:36:30,,上行,test_B_02,11:40:45,,11:52:45,,Z暫留線,,,,11:58:45,,下行,test_B_501,12:22:30,,12:36:30,,上行,test_B_02,12:40:45,,12:52:45,,Z暫留線,,,,12:58:45,,下行,test_B_501,13:22:30,,13:36:30,,上行,test_B_00,13:45:00,,14:03:00,,下行,test_B_502,14:07:30,,14:19:30,,上行,test_B_01,14:25:40,,14:39:40,,下行,test_B_500,14:45:00,,15:03:00,,A庫,,,,15:11:00,,上行,test_B_00,15:15:00,,15:33:00,,下行,test_B_502,15:37:30,,15:49:30,,上行,test_B_01,15:55:40,,16:09:40,,下行,test_B_500,16:15:00,,16:33:00,,A庫,,,,16:41:00,,上行,test_B_00,16:45:00,,17:03:00,,下行,test_B_502,17:07:30,,17:19:30,,上行,test_B_01,17:22:30,,17:36:30,,下行,test_B_502,17:37:30,,17:49:30,,上行,test_B_01,17:52:30,,18:06:30,,下行,test_B_502,18:07:30,,18:19:30,,上行,test_B_01,18:22:30,,18:36:30,,下行,test_B_502,18:37:30,,18:49:30,,上行,test_B_01,18:52:30,,19:06:30,,下行,test_B_502,19:07:30,,19:19:30,,上行,test_B_01,19:22:30,,19:36:30,,下行,test_B_502,19:37:30,,19:49:30,,上行,test_B_01,19:52:30,,20:06:30,,下行,test_B_502,20:07:30,,20:19:30,,上行,test_B_01,20:22:30,,20:36:30,,下行,test_B_502,20:37:30,,20:49:30,,上行,test_B_01,20:52:30,,21:06:30,,下行,test_B_502,21:07:30,,21:19:30,,上行,test_B_01,21:25:40,,21:39:40,,下行,test_B_500,21:45:00,,22:03:00,,A庫,,,,22:11:00,,上行,test_B_01,22:53:10,,23:07:10,,Z暫留線,,,,23:13:10,,下行,test_B_501,23:15:00,,23:29:00,,A庫,,,,23:37:00,,,,,,,,,,,,,,,,,,,,,,,,,,,,,,,23:37:00
13,一般列車,A,1,回送,1096,A,>,J,2,test_A,2017,J,>,A,3,test_A,2016,A,>,J,4,test_C,3066,J,>,S,5,test_C,3089,S,>,O,6,test_C,3094,O,>,S,7,test_C,3101,S,>,O,8,test_C,3106,O,>,S,9,test_C,3113,S,>,O,10,test_C,3118,O,>,S,11,test_C,3125,S,>,O,12,test_C,3130,O,>,S,13,test_C,3137,S,>,O,14,test_C,3148,O,>,S,15,test_C,3149,S,>,J,16,test_A,2041,J,>,A,17,入庫,,,>,A庫,18,test_A,3098,A,>,J,19,test_A,1033,J,>,A,20,入庫,,,>,A庫,21,test_A,1036,A,>,J,22,test_A,3107,J,>,A,23,入庫,,,>,A庫,24,test_A,1044,A,>,J,25,入庫,,,>,J暫留線,26,test_A,3137,J,>,A,27,test_A,2066,A,>,J,28,test_C,3276,J,>,S,29,test_C,3287,S,>,O,30,test_C,3300,O,>,S,31,test_C,3299,S,>,O,32,test_C,3306,O,>,S,33,test_C,3313,S,>,O,34,test_C,3318,O,>,S,35,test_C,3325,S,>,O,36,test_C,3330,O,>,S,37,test_C,3337,S,>,O,38,test_C,3342,O,>,S,39,test_C,3349,S,>,O,40,test_C,3354,O,>,S,41,test_C,3361,S,>,O,42,test_C,3366,O,>,S,43,test_C,3373,S,>,O,44,test_C,3384,O,>,S,45,test_C,3385,S,>,J,46,test_A,2103,J,>,A,47,入庫,,,>,A庫,48,test_A,3218,A,>,J,49,test_A,2111,J,>,A,50,test_A,3224,A,>,J,51,入庫,,,>,J暫留線,52,test_A,2113,J,>,A,53,入庫,,,>,A庫,54,test_A,3230,A,>,J,55,test_A,2117,J,>,A,56,回送,1090,A,>,J,57,回送,1008,J,>,S,,,,,,,,,,,,,,,,,,,,,,,,,,,,,,,,,,,,,,,,,,,,,,,,,,,,,,,,,,,,,,,,,,,前往 A庫 (等待回送)
,T_005,,,,,04:20:36,,04:33:56,,下行,test_A_502,06:08:00,,06:28:40,,上行,test_A_02,06:30:00,,06:50:40,,上行,test_C_01,06:52:40,,07:02:40,,下行,test_C_500,07:17:30,,07:25:30,,上行,test_C_00,07:30:50,,07:38:50,,下行,test_C_500,07:47:30,,07:55:30,,上行,test_C_00,08:00:50,,08:08:50,,下行,test_C_500,08:17:30,,08:25:30,,上行,test_C_00,08:30:50,,08:38:50,,下行,test_C_500,08:47:30,,08:55:30,,上行,test_C_00,09:00:50,,09:08:50,,下行,test_C_500,09:19:05,,09:27:05,,上行,test_C_00,09:42:14,,09:50:14,,下行,test_C_501,09:52:54,,10:02:54,,下行,test_A_502,10:04:54,,10:25:34,,A庫,,,,10:33:34,,上行,test_A_00,10:38:15,,11:03:15,,下行,test_A_503,11:09:55,,11:23:55,,A庫,,,,11:31:55,,上行,test_A_03,11:37:30,,11:51:30,,下行,test_A_500,11:58:10,,12:23:10,,A庫,,,,12:31:10,,上行,test_A_03,13:37:30,,13:51:30,,J暫留線,,,,13:58:30,,下行,test_A_500,15:40:35,,16:05:35,,上行,test_A_02,16:06:00,,16:26:40,,上行,test_C_01,16:30:00,,16:40:00,,下行,test_C_500,16:40:54,,16:48:54,,上行,test_C_00,17:03:50,,17:11:50,,下行,test_C_500,17:12:30,,17:20:30,,上行,test_C_00,17:30:50,,17:38:50,,下行,test_C_500,17:47:30,,17:55:30,,上行,test_C_00,18:00:50,,18:08:50,,下行,test_C_500,18:17:30,,18:25:30,,上行,test_C_00,18:30:50,,18:38:50,,下行,test_C_500,18:47:30,,18:55:30,,上行,test_C_00,19:00:50,,19:08:50,,下行,test_C_500,19:17:30,,19:25:30,,上行,test_C_00,19:30:50,,19:38:50,,下行,test_C_500,19:47:30,,19:55:30,,上行,test_C_00,20:00:50,,20:08:50,,下行,test_C_500,20:19:05,,20:27:05,,上行,test_C_00,20:42:14,,20:50:14,,下行,test_C_501,20:52:54,,21:02:54,,下行,test_A_502,21:04:54,,21:25:34,,A庫,,,,21:33:34,,上行,test_A_00,21:38:15,,22:03:15,,下行,test_A_502,22:10:00,,22:30:40,,上行,test_A_00,22:30:45,,22:55:45,,J暫留線,,,,23:02:45,,下行,test_A_502,23:15:00,,23:35:40,,A庫,,,,23:43:40,,上行,test_A_00,23:45:40,,00:10:40,,下行,test_A_502,00:15:00,,00:35:40,,,,00:43:40,,00:57:00,,,,00:57:00,,01:05:30,,,,,,,,,,,,,,,,,,,,,,,,,,,,,,,,,,,,,,,,,,,,,,,,,,,,,,,,,,,,,,,,,,,01:05:30
14,一般列車,S,1,test_C,3041,S,>,O,2,入庫,,,>,O暫留線,3,test_C,3050,O,>,S,4,test_C,3053,S,>,O,5,test_C,3058,O,>,S,6,test_C,3061,S,>,O,7,test_C,3070,O,>,S,8,test_C,3069,S,>,O,9,test_C,3076,O,>,S,10,test_C,3077,S,>,O,11,test_C,3082,O,>,S,12,test_C,3085,S,>,J,13,test_A,2021,J,>,A,14,test_A,3054,A,>,J,15,test_A,1021,J,>,A,16,test_A,3070,A,>,J,17,入庫,,,>,J暫留線,18,test_A,1025,J,>,A,19,test_A,3094,A,>,J,20,test_A,1031,J,>,A,21,test_A,3102,A,>,J,22,入庫,,,>,J暫留線,23,test_A,1037,J,>,A,24,test_A,3118,A,>,J,25,test_A,1043,J,>,A,26,test_A,3126,A,>,J,27,入庫,,,>,J暫留線,28,test_A,1049,J,>,A,29,回送,1108,A,>,F,30,test_A,3144,F,>,J,31,入庫,,,>,J暫留線,32,test_C,3370,J,>,S,33,test_C,3381,S,>,O,34,入庫,,,>,O暫留線,35,test_C,3392,O,>,S,36,test_C,3393,S,>,J,37,test_A,2105,J,>,A,,,,,,,,,,,,,,,,,,,,,,,,,,,,,,,,,,,,,,,,,,,,,,,,,,,,,,,,,,,,,,,,,,,,,,,,,,,,,,,,,,,,,,,,,,,,,,,,,,,,,,,,,,,,,,,,,,,,,,,,,,,,,,,,,,,,,,,,,,,,,,,,,,,,,,,,,,,,,,,,,,,,,,,,,,,,,,,,,,,,,,,,,,,前往 S庫 (等待回送)
,T_005,,,下行,test_C_500,05:03:00,,05:11:00,,O暫留線,,,,05:21:00,,上行,test_C_00,05:28:20,,05:36:20,,下行,test_C_500,05:39:00,,05:47:00,,上行,test_C_00,05:52:20,,06:00:20,,下行,test_C_500,06:02:43,,06:10:43,,上行,test_C_00,06:14:58,,06:22:58,,下行,test_C_500,06:24:32,,06:32:32,,上行,test_C_00,06:36:47,,06:44:47,,下行,test_C_500,06:46:21,,06:54:21,,上行,test_C_00,06:58:36,,07:06:36,,下行,test_C_501,07:07:30,,07:17:30,,下行,test_A_502,07:21:10,,07:41:50,,上行,test_A_00,07:45:45,,08:10:45,,下行,test_A_503,08:15:00,,08:29:00,,上行,test_A_00,08:39:00,,09:04:00,,J暫留線,,,,09:11:00,,下行,test_A_503,09:18:00,,09:32:00,,上行,test_A_00,10:08:15,,10:33:15,,下行,test_A_503,10:39:55,,10:53:55,,上行,test_A_00,11:08:15,,11:33:15,,J暫留線,,,,11:40:15,,下行,test_A_503,12:09:55,,12:23:55,,上行,test_A_00,13:08:15,,13:33:15,,下行,test_A_503,13:39:55,,13:53:55,,上行,test_A_00,14:08:15,,14:33:15,,J暫留線,,,,14:40:15,,下行,test_A_503,15:09:55,,15:23:55,,,,15:29:10,,15:35:10,,上行,test_A_01,16:16:10,,16:27:50,,J暫留線,,,,16:34:50,,上行,test_C_01,20:29:20,,20:39:20,,下行,test_C_500,20:40:54,,20:48:54,,O暫留線,,,,20:58:54,,上行,test_C_00,21:04:20,,21:12:20,,下行,test_C_501,21:15:00,,21:25:00,,下行,test_A_502,21:27:00,,21:47:40,,,,,,,,,,,,,,,,,,,,,,,,,,,,,,,,,,,,,,,,,,,,,,,,,,,,,,,,,,,,,,,,,,,,,,,,,,,,,,,,,,,,,,,,,,,,,,,,,,,,,,,,,,,,,,,,,,,,,,,,,,,,,,,,,,,,,,,,,,,,,,,,,,,,,,,,,,,,,,,,,,,,,,,,,,,,,,,,,,,,,,,,,,,21:47:40
15,一般列車,A,1,test_B,3010,A,>,Z,2,test_B,1011,Z,>,A,3,test_B,2012,A,>,Z,4,test_B,3013,Z,>,A,5,test_B,3016,A,>,Z,6,入庫,,,>,Z暫留線,7,test_B,3019,Z,>,A,8,入庫,,,>,A庫,9,test_B,3024,A,>,Z,10,入庫,,,>,Z暫留線,11,test_B,1021,Z,>,A,12,test_B,2022,A,>,Z,13,test_B,1023,Z,>,A,14,test_B,2024,A,>,Z,15,test_B,1025,Z,>,A,16,test_B,2026,A,>,Z,17,入庫,,,>,Z暫留線,18,test_B,2027,Z,>,A,19,test_B,1030,A,>,Z,20,入庫,,,>,Z暫留線,21,test_B,2031,Z,>,A,22,test_B,1034,A,>,Z,23,入庫,,,>,Z暫留線,24,test_B,2035,Z,>,A,25,test_B,3050,A,>,Z,26,test_B,1039,Z,>,A,27,test_B,2040,A,>,Z,28,test_B,3053,Z,>,A,29,test_B,1044,A,>,Z,30,入庫,,,>,Z暫留線,31,test_B,2045,Z,>,A,32,test_B,1048,A,>,Z,33,入庫,,,>,Z暫留線,34,test_B,1049,Z,>,A,35,test_B,2050,A,>,Z,36,test_B,3063,Z,>,A,37,入庫,,,>,A庫,38,test_B,3066,A,>,Z,39,入庫,,,>,Z暫留線,40,test_B,3067,Z,>,A,41,入庫,,,>,A庫,42,test_B,3074,A,>,Z,43,入庫,,,>,Z暫留線,44,test_B,3075,Z,>,A,45,入庫,,,>,A庫,46,test_B,3078,A,>,Z,47,入庫,,,>,Z暫留線,48,test_B,3079,Z,>,A,49,入庫,,,>,A庫,50,test_B,3082,A,>,Z,51,入庫,,,>,Z暫留線,52,test_B,3083,Z,>,A,53,入庫,,,>,A庫,54,test_B,3086,A,>,Z,55,test_B,1075,Z,>,A,56,test_B,2076,A,>,Z,57,test_B,2077,Z,>,A,58,入庫,,,>,A庫,59,test_B,3094,A,>,Z,60,入庫,,,>,Z暫留線,61,test_B,2083,Z,>,A,62,入庫,,,>,A庫,,,,,,,,,,,,,,,,,,,,,,,,,,,,,,,,,,,,,A庫
,T_005,,,上行,test_B_00,05:15:00,,05:33:00,,下行,test_B_502,05:37:30,,05:49:30,,上行,test_B_01,05:55:40,,06:09:40,,下行,test_B_500,06:10:00,,06:28:00,,上行,test_B_00,06:30:40,,06:48:40,,Z暫留線,,,,06:54:40,,下行,test_B_500,07:08:10,,07:26:10,,A庫,,,,07:34:10,,上行,test_B_00,07:40:10,,07:58:10,,Z暫留線,,,,08:04:10,,下行,test_B_502,08:07:30,,08:19:30,,上行,test_B_01,08:22:30,,08:36:30,,下行,test_B_502,08:37:30,,08:49:30,,上行,test_B_01,08:52:30,,09:06:30,,下行,test_B_502,09:07:30,,09:19:30,,上行,test_B_01,09:24:00,,09:38:00,,Z暫留線,,,,09:44:00,,下行,test_B_501,09:52:30,,10:06:30,,上行,test_B_02,10:10:45,,10:22:45,,Z暫留線,,,,10:28:45,,下行,test_B_501,10:52:30,,11:06:30,,上行,test_B_02,11:10:45,,11:22:45,,Z暫留線,,,,11:28:45,,下行,test_B_501,11:52:30,,12:06:30,,上行,test_B_00,12:15:00,,12:33:00,,下行,test_B_502,12:37:30,,12:49:30,,上行,test_B_01,12:55:40,,13:09:40,,下行,test_B_500,13:15:00,,13:33:00,,上行,test_B_02,13:40:45,,13:52:45,,Z暫留線,,,,13:58:45,,下行,test_B_501,14:22:30,,14:36:30,,上行,test_B_02,14:40:45,,14:52:45,,Z暫留線,,,,14:58:45,,下行,test_B_502,15:07:30,,15:19:30,,上行,test_B_01,15:25:40,,15:39:40,,下行,test_B_500,15:45:00,,16:03:00,,A庫,,,,16:11:00,,上行,test_B_00,16:15:00,,16:33:00,,Z暫留線,,,,16:39:00,,下行,test_B_500,16:45:00,,17:03:00,,A庫,,,,17:11:00,,上行,test_B_00,18:15:45,,18:33:45,,Z暫留線,,,,18:39:45,,下行,test_B_500,18:45:00,,19:03:00,,A庫,,,,19:11:00,,上行,test_B_00,19:15:45,,19:33:45,,Z暫留線,,,,19:39:45,,下行,test_B_500,19:45:00,,20:03:00,,A庫,,,,20:11:00,,上行,test_B_00,20:15:00,,20:33:00,,Z暫留線,,,,20:39:00,,下行,test_B_500,20:45:00,,21:03:00,,A庫,,,,21:11:00,,上行,test_B_00,21:15:00,,21:33:00,,下行,test_B_502,21:37:30,,21:49:30,,上行,test_B_01,21:55:40,,22:09:40,,下行,test_B_501,22:10:00,,22:24:00,,A庫,,,,22:32:00,,上行,test_B_00,23:18:50,,23:36:50,,Z暫留線,,,,23:42:50,,下行,test_B_501,23:45:00,,23:59:00,,A庫,,,,00:07:00,,,,,,,,,,,,,,,,,,,,,,,,,,,,,,,,,,,,,00:07:00
16,一般列車,A,1,回送,1098,A,>,J,2,test_C,3046,J,>,S,3,test_C,3049,S,>,O,4,test_C,3056,O,>,S,5,test_C,3057,S,>,O,6,test_C,3068,O,>,S,7,test_C,3065,S,>,O,8,test_C,3074,O,>,S,9,test_C,3073,S,>,O,10,test_C,3080,O,>,S,11,test_C,3081,S,>,O,12,test_C,3092,O,>,S,13,test_C,3095,S,>,O,14,test_C,3102,O,>,S,15,test_C,3103,S,>,J,16,test_A,2027,J,>,A,17,test_A,3068,A,>,J,18,test_A,3073,J,>,A,19,test_A,1026,A,>,J,20,入庫,,,>,J暫留線,21,test_A,3087,J,>,A,22,入庫,,,>,A庫,23,test_A,2042,A,>,J,24,test_C,3164,J,>,S,25,test_C,3171,S,>,O,26,test_C,3178,O,>,S,27,test_C,3179,S,>,O,28,test_C,3186,O,>,S,29,test_C,3211,S,>,O,30,test_C,3218,O,>,S,31,test_C,3219,S,>,O,32,test_C,3226,O,>,S,33,test_C,3227,S,>,J,34,test_A,2057,J,>,A,35,test_A,2058,A,>,J,36,test_C,3244,J,>,S,37,test_C,3251,S,>,O,38,test_C,3258,O,>,S,39,test_C,3259,S,>,O,40,test_C,3266,O,>,S,41,test_C,3267,S,>,J,42,test_A,2065,J,>,A,43,test_A,1054,A,>,J,44,入庫,,,>,J暫留線,45,test_A,1063,J,>,A,46,入庫,,,>,A庫,47,test_A,3186,A,>,J,48,test_A,3193,J,>,A,49,test_A,2096,A,>,J,50,test_A,3205,J,>,A,51,test_A,2100,A,>,J,52,test_C,3390,J,>,S,53,test_C,3397,S,>,O,54,test_C,3404,O,>,S,55,test_C,3405,S,>,O,56,回送,1010,O,>,S,,,,,,,,,,,,,,,,,,,,,,,,,,,,,,,,,,,,,,,,,,,,,,,,,,,,,,,,,,,,,,,,,,,,,,,,,前往 A庫 (等待回送)
,T_006,,,,,04:35:30,,04:48:50,,上行,test_C_01,05:15:00,,05:25:00,,下行,test_C_500,05:27:00,,05:35:00,,上行,test_C_00,05:40:20,,05:48:20,,下行,test_C_500,05:51:00,,05:59:00,,上行,test_C_00,06:04:03,,06:12:03,,下行,test_C_500,06:13:38,,06:21:38,,上行,test_C_00,06:25:52,,06:33:52,,下行,test_C_500,06:35:27,,06:43:27,,上行,test_C_00,06:47:41,,06:55:41,,下行,test_C_500,06:57:16,,07:05:16,,上行,test_C_00,07:20:00,,07:28:00,,下行,test_C_500,07:32:30,,07:40:30,,上行,test_C_00,07:43:50,,07:51:50,,下行,test_C_501,07:52:30,,08:02:30,,下行,test_A_502,08:06:10,,08:26:50,,上行,test_A_00,08:27:00,,08:52:00,,下行,test_A_500,08:52:20,,09:17:20,,上行,test_A_03,09:18:00,,09:32:00,,J暫留線,,,,09:39:00,,下行,test_A_500,09:44:24,,10:09:24,,A庫,,,,10:17:24,,上行,test_A_02,10:22:30,,10:43:10,,上行,test_C_01,10:45:10,,10:55:10,,下行,test_C_500,10:57:00,,11:05:00,,上行,test_C_00,11:10:20,,11:18:20,,下行,test_C_500,11:21:00,,11:29:00,,上行,test_C_00,11:34:20,,11:42:20,,下行,test_C_500,12:57:00,,13:05:00,,上行,test_C_00,13:10:20,,13:18:20,,下行,test_C_500,13:21:00,,13:29:00,,上行,test_C_00,13:34:20,,13:42:20,,下行,test_C_501,13:45:00,,13:55:00,,下行,test_A_502,13:57:00,,14:17:40,,上行,test_A_02,14:22:30,,14:43:10,,上行,test_C_01,14:45:10,,14:55:10,,下行,test_C_500,14:57:00,,15:05:00,,上行,test_C_00,15:10:20,,15:18:20,,下行,test_C_500,15:21:00,,15:29:00,,上行,test_C_00,15:34:20,,15:42:20,,下行,test_C_501,15:45:00,,15:55:00,,下行,test_A_502,15:57:00,,16:17:40,,上行,test_A_03,16:18:00,,16:32:00,,J暫留線,,,,16:39:00,,下行,test_A_503,18:45:00,,18:59:00,,A庫,,,,19:07:00,,上行,test_A_00,19:09:00,,19:34:00,,下行,test_A_500,19:36:10,,20:01:10,,上行,test_A_02,20:06:00,,20:26:40,,下行,test_A_500,20:28:50,,20:53:50,,上行,test_A_02,20:54:00,,21:14:40,,上行,test_C_01,21:16:40,,21:26:40,,下行,test_C_500,21:27:00,,21:35:00,,上行,test_C_00,21:40:20,,21:48:20,,下行,test_C_500,21:51:00,,21:59:00,,,,22:07:50,,22:14:20,,,,,,,,,,,,,,,,,,,,,,,,,,,,,,,,,,,,,,,,,,,,,,,,,,,,,,,,,,,,,,,,,,,,,,,,,22:14:20
17,一般列車,S,1,test_C,3043,S,>,O,2,test_C,3048,O,>,S,3,回送,1015,S,>,J,4,入庫,,,>,J暫留線,5,test_A,3023,J,>,A,6,test_A,3034,A,>,J,7,test_A,3041,J,>,F,8,test_A,3046,F,>,J,9,test_A,3051,J,>,F,10,test_A,3056,F,>,J,11,test_A,3061,J,>,F,12,test_A,3066,F,>,J,13,test_A,3071,J,>,F,14,test_A,3076,F,>,J,15,test_A,3079,J,>,A,16,test_A,3088,A,>,J,17,入庫,,,>,J暫留線,18,test_A,1029,J,>,A,19,test_A,1032,A,>,J,20,test_A,3099,J,>,A,21,test_A,3104,A,>,J,22,入庫,,,>,J暫留線,23,test_A,3109,J,>,A,24,test_A,1040,A,>,J,25,test_A,3115,J,>,A,26,test_A,3120,A,>,J,27,入庫,,,>,J暫留線,28,test_A,1045,J,>,A,29,test_A,1048,A,>,J,30,入庫,,,>,J暫留線,31,test_A,1051,J,>,A,32,test_A,3142,A,>,J,33,test_A,3147,J,>,A,34,test_A,1058,A,>,J,35,入庫,,,>,J暫留線,36,test_A,2083,J,>,A,37,test_A,1064,A,>,J,38,入庫,,,>,J暫留線,39,test_A,3189,J,>,A,40,test_A,3198,A,>,J,41,test_A,3203,J,>,F,42,test_A,3210,F,>,J,43,入庫,,,>,J暫留線,44,test_A,1073,J,>,A,45,test_A,1076,A,>,J,46,test_A,3219,J,>,A,47,test_A,1078,A,>,J,48,test_A,3225,J,>,A,49,test_A,2110,A,>,J,50,test_C,3432,J,>,S,51,回送,1007,S,>,J,52,回送,1087,J,>,A,,,,,,,,,,,,,,,,,,,,,,,,,,,,,,,,,,,,,,,,,,,,,,,,,,,,,,,,,,,,,,,,,,,,,,,,,,,,,,,,,,,,,,,,,,,,,,,,,前往 S庫 (等待回送)
,T_006,,,下行,test_C_500,05:09:00,,05:17:00,,上行,test_C_00,05:22:20,,05:30:20,,,,05:30:30,,05:38:30,,J暫留線,,,,05:38:30,,下行,test_A_500,05:58:10,,06:23:10,,上行,test_A_00,06:39:29,,07:04:29,,下行,test_A_501,07:09:00,,07:20:40,,上行,test_A_01,07:23:30,,07:35:10,,下行,test_A_501,07:39:00,,07:50:40,,上行,test_A_01,07:53:30,,08:05:10,,下行,test_A_501,08:09:00,,08:20:40,,上行,test_A_01,08:23:30,,08:35:10,,下行,test_A_501,08:39:00,,08:50:40,,上行,test_A_01,08:53:30,,09:05:10,,下行,test_A_500,09:05:42,,09:30:42,,上行,test_A_00,09:39:29,,10:04:29,,J暫留線,,,,10:11:29,,下行,test_A_503,10:12:55,,10:26:55,,上行,test_A_03,10:37:30,,10:51:30,,下行,test_A_500,10:58:10,,11:23:10,,上行,test_A_00,11:23:10,,11:48:10,,J暫留線,,,,11:55:10,,下行,test_A_500,12:10:35,,12:35:35,,上行,test_A_03,12:37:30,,12:51:30,,下行,test_A_500,12:58:10,,13:23:10,,上行,test_A_00,13:23:10,,13:48:10,,J暫留線,,,,13:55:10,,下行,test_A_503,14:09:55,,14:23:55,,上行,test_A_03,14:37:30,,14:51:30,,J暫留線,,,,14:58:30,,下行,test_A_503,15:39:55,,15:53:55,,上行,test_A_00,16:12:00,,16:37:00,,下行,test_A_500,16:44:10,,17:09:10,,上行,test_A_03,17:15:00,,17:29:00,,J暫留線,,,,17:36:00,,下行,test_A_502,18:19:30,,18:40:10,,上行,test_A_03,18:45:00,,18:59:00,,J暫留線,,,,19:06:00,,下行,test_A_500,19:20:40,,19:45:40,,上行,test_A_00,19:48:45,,20:13:45,,下行,test_A_501,20:15:00,,20:26:40,,上行,test_A_01,20:50:30,,21:02:10,,J暫留線,,,,21:09:10,,下行,test_A_503,21:12:55,,21:26:55,,上行,test_A_03,21:37:30,,21:51:30,,下行,test_A_500,21:54:40,,22:19:40,,上行,test_A_03,22:30:00,,22:44:00,,下行,test_A_500,22:50:00,,23:15:00,,上行,test_A_02,23:15:00,,23:35:40,,上行,test_C_01,23:37:40,,23:47:40,,,,23:56:00,,00:04:00,,,,00:04:00,,00:17:20,,,,,,,,,,,,,,,,,,,,,,,,,,,,,,,,,,,,,,,,,,,,,,,,,,,,,,,,,,,,,,,,,,,,,,,,,,,,,,,,,,,,,,,,,,,,,,,,,00:17:20
18,一般列車,A,1,test_A,1010,A,>,J,2,入庫,,,>,J暫留線,3,test_A,3075,J,>,F,4,test_A,3082,F,>,J,5,入庫,,,>,J暫留線,6,回送,1097,J,>,A,7,入庫,,,>,A庫,8,test_B,2030,A,>,Z,9,test_B,3043,Z,>,A,10,入庫,,,>,A庫,11,test_B,3046,A,>,Z,12,test_B,1035,Z,>,A,13,test_B,2036,A,>,Z,14,test_B,3049,Z,>,A,15,test_A,3114,A,>,J,16,test_A,1041,J,>,A,17,入庫,,,>,A庫,18,test_A,3134,A,>,J,19,入庫,,,>,J暫留線,20,test_A,3145,J,>,A,21,test_A,2070,A,>,J,22,test_A,1057,J,>,A,23,入庫,,,>,A庫,24,test_A,3174,A,>,J,25,test_A,2087,J,>,A,26,test_A,1066,A,>,J,,,,,,,,,,,,,,,,,,,,,,,,,,,,,,,,,,,,,,,,,,,,,,,,,,,,,,,,,,,,,,,,,,,,,,,,,,,,,,,,,,,,,,,,,,,,,,,,,,,,,,,,,,,,,,,,,,,,,,,,,,,,,,,,,,,,,,,,,,,,,,,,,,,,,,,,,,,,,,,,,,,,,,,,,,,,,,,,,,,,,,,,,,,,,,,,,,,,,,,,,,,,,,,,,,,,,,,,,,,,,,,,,,,,,,,,,,,,,,,,,,,,,,,,,,,,,前往 A庫 (等待回送)
,T_007,,,上行,test_A_03,05:07:30,,05:21:30,,J暫留線,,,,05:28:30,,下行,test_A_501,08:53:30,,09:05:10,,上行,test_A_01,09:12:51,,09:24:31,,J暫留線,,,,09:31:31,,,,09:35:26,,09:48:46,,A庫,,,,09:48:46,,上行,test_B_01,10:25:40,,10:39:40,,下行,test_B_500,10:45:00,,11:03:00,,A庫,,,,11:11:00,,上行,test_B_00,11:15:00,,11:33:00,,下行,test_B_502,11:37:30,,11:49:30,,上行,test_B_01,11:55:40,,12:09:40,,下行,test_B_500,12:15:00,,12:33:00,,上行,test_A_00,12:38:15,,13:03:15,,下行,test_A_503,13:09:55,,13:23:55,,A庫,,,,13:31:55,,上行,test_A_00,15:08:15,,15:33:15,,J暫留線,,,,15:40:15,,下行,test_A_500,16:27:00,,16:52:00,,上行,test_A_02,16:54:00,,17:14:40,,下行,test_A_503,17:15:00,,17:29:00,,A庫,,,,17:37:00,,上行,test_A_00,18:18:45,,18:43:45,,下行,test_A_502,18:49:30,,19:10:10,,上行,test_A_03,19:15:00,,19:29:00,,,,,,,,,,,,,,,,,,,,,,,,,,,,,,,,,,,,,,,,,,,,,,,,,,,,,,,,,,,,,,,,,,,,,,,,,,,,,,,,,,,,,,,,,,,,,,,,,,,,,,,,,,,,,,,,,,,,,,,,,,,,,,,,,,,,,,,,,,,,,,,,,,,,,,,,,,,,,,,,,,,,,,,,,,,,,,,,,,,,,,,,,,,,,,,,,,,,,,,,,,,,,,,,,,,,,,,,,,,,,,,,,,,,,,,,,,,,,,,,,,,,,,,,,,,,,19:29:00
19,一般列車,S,1,回送,1013,S,>,J,2,入庫,,,>,J暫留線,3,test_A,3021,J,>,A,4,test_A,2014,A,>,J,5,test_A,3029,J,>,A,6,test_A,2018,A,>,J,7,test_A,1017,J,>,A,8,test_A,2024,A,>,J,9,test_A,3057,J,>,A,10,test_A,2030,A,>,J,11,test_C,3120,J,>,S,12,入庫,,,>,S庫,13,test_C,3145,S,>,O,14,入庫,,,>,O暫留線,15,test_C,3156,O,>,S,16,test_C,3157,S,>,J,17,test_A,2043,J,>,A,18,test_A,2044,A,>,J,19,test_C,3174,J,>,S,20,入庫,,,>,S庫,21,test_C,3187,S,>,J,22,test_A,2049,J,>,A,23,test_A,2050,A,>,J,24,test_C,3204,J,>,S,25,入庫,,,>,S庫,26,test_C,3237,S,>,J,27,test_A,2059,J,>,A,28,test_A,2060,A,>,J,29,test_C,3254,J,>,S,30,test_C,3261,S,>,O,31,test_C,3268,O,>,S,32,test_C,3269,S,>,O,33,test_C,3280,O,>,S,34,test_C,3277,S,>,O,35,test_C,3286,O,>,S,36,test_C,3285,S,>,O,37,test_C,3292,O,>,S,38,test_C,3293,S,>,O,39,入庫,,,>,O暫留線,40,test_C,3304,O,>,S,41,test_C,3307,S,>,O,42,test_C,3314,O,>,S,43,test_C,3315,S,>,J,44,test_A,2081,J,>,A,45,test_A,2086,A,>,J,46,test_A,3187,J,>,F,47,test_A,3196,F,>,J,48,test_C,3358,J,>,S,49,test_C,3369,S,>,J,50,test_A,2099,J,>,A,51,test_A,1072,A,>,J,52,test_A,3211,J,>,A,53,test_A,3216,A,>,J,54,入庫,,,>,J暫留線,55,test_A,3221,J,>,A,,,,,,,,,,,,,,,,,,,,,,,,,,,,,,,,,,,,,,,,,,,,,,,,,,,,,,,,,,,,,,,,,,,,,,,,,,,,,,,前往 S庫 (等待回送)
,T_007,,,,,05:24:30,,05:32:30,,J暫留線,,,,05:32:30,,下行,test_A_500,05:40:35,,06:05:35,,上行,test_A_02,06:06:00,,06:26:40,,下行,test_A_500,06:27:00,,06:52:00,,上行,test_A_02,06:54:00,,07:14:40,,下行,test_A_503,07:15:00,,07:29:00,,上行,test_A_02,07:35:00,,07:55:40,,下行,test_A_500,07:57:00,,08:22:00,,上行,test_A_02,08:25:00,,08:45:40,,上行,test_C_01,08:47:40,,08:57:40,,S庫,,,,09:05:40,,下行,test_C_500,09:40:54,,09:48:54,,O暫留線,,,,09:58:54,,上行,test_C_00,10:04:20,,10:12:20,,下行,test_C_501,10:15:00,,10:25:00,,下行,test_A_502,10:27:00,,10:47:40,,上行,test_A_02,10:52:30,,11:13:10,,上行,test_C_01,11:15:10,,11:25:10,,S庫,,,,11:33:10,,下行,test_C_501,11:45:00,,11:55:00,,下行,test_A_502,11:57:00,,12:17:40,,上行,test_A_02,12:22:30,,12:43:10,,上行,test_C_01,12:45:10,,12:55:10,,S庫,,,,13:03:10,,下行,test_C_501,14:15:00,,14:25:00,,下行,test_A_502,14:27:00,,14:47:40,,上行,test_A_02,14:52:30,,15:13:10,,上行,test_C_01,15:15:10,,15:25:10,,下行,test_C_500,15:27:00,,15:35:00,,上行,test_C_00,15:40:20,,15:48:20,,下行,test_C_500,15:51:00,,15:59:00,,上行,test_C_00,16:04:03,,16:12:03,,下行,test_C_500,16:13:38,,16:21:38,,上行,test_C_00,16:25:52,,16:33:52,,下行,test_C_500,16:35:27,,16:43:27,,上行,test_C_00,16:47:41,,16:55:41,,下行,test_C_500,16:57:16,,17:05:16,,O暫留線,,,,17:15:16,,上行,test_C_00,17:20:00,,17:28:00,,下行,test_C_500,17:32:30,,17:40:30,,上行,test_C_00,17:43:50,,17:51:50,,下行,test_C_501,17:52:30,,18:02:30,,下行,test_A_502,18:05:00,,18:25:40,,上行,test_A_02,18:55:00,,19:15:40,,下行,test_A_501,19:15:40,,19:27:20,,上行,test_A_01,19:41:15,,19:52:55,,上行,test_C_01,19:57:40,,20:07:40,,下行,test_C_501,20:08:10,,20:18:10,,下行,test_A_502,20:20:10,,20:40:50,,上行,test_A_03,20:42:00,,20:56:00,,下行,test_A_500,20:57:00,,21:22:00,,上行,test_A_00,21:23:10,,21:48:10,,J暫留線,,,,21:55:10,,下行,test_A_500,22:11:10,,22:36:10,,,,,,,,,,,,,,,,,,,,,,,,,,,,,,,,,,,,,,,,,,,,,,,,,,,,,,,,,,,,,,,,,,,,,,,,,,,,,,,22:36:10
20,一般列車,A,1,test_A,3018,A,>,J,2,入庫,,,>,J暫留線,3,test_A,3045,J,>,F,4,test_A,3052,F,>,J,5,test_A,3055,J,>,F,6,test_A,3062,F,>,J,7,入庫,,,>,J暫留線,8,test_A,3111,J,>,A,9,test_A,3116,A,>,J,10,入庫,,,>,J暫留線,11,test_A,3121,J,>,A,12,test_A,1046,A,>,J,13,test_A,3127,J,>,A,14,test_A,3132,A,>,J,15,入庫,,,>,J暫留線,16,test_A,3149,J,>,F,17,入庫,,,>,F暫留線,18,test_A,3156,F,>,J,19,入庫,,,>,J暫留線,20,回送,1091,J,>,A,21,test_A,3166,A,>,J,22,test_A,3173,J,>,A,23,test_A,3182,A,>,J,24,test_A,1065,J,>,A,25,入庫,,,>,A庫,26,test_A,2104,A,>,J,27,test_C,3410,J,>,S,28,test_C,3415,S,>,J,29,test_A,2109,J,>,A,30,入庫,,,>,A庫,31,test_A,3228,A,>,J,32,test_A,2115,J,>,A,33,入庫,,,>,A庫,34,test_A,3232,A,>,J,35,回送,1014,J,>,S,,,,,,,,,,,,,,,,,,,,,,,,,,,,,,,,,,,,,,,,,,,,,,,,,,,,,,,,,,,,,,,,,,,,,,,,,,,,,,,,,,,,,,,,,,,,,,,,,,,,,,,,,,,,,,,,,,,,,,,,,,,,,,,,,,,,,,,,,,,,,,,,,,,,,,,,,,,,,,,,,,,,,,,,,,,,,,,,,,,,,,,,,,,,,,,,,,,,,,,前往 A庫 (等待回送)
,T_008,,,上行,test_A_00,05:08:15,,05:33:15,,J暫留線,,,,05:40:15,,下行,test_A_501,07:23:30,,07:35:10,,上行,test_A_01,07:39:00,,07:50:40,,下行,test_A_501,07:53:30,,08:05:10,,上行,test_A_01,08:09:00,,08:20:40,,J暫留線,,,,08:27:40,,下行,test_A_500,12:28:10,,12:53:10,,上行,test_A_00,12:53:10,,13:18:10,,J暫留線,,,,13:25:10,,下行,test_A_500,13:40:35,,14:05:35,,上行,test_A_03,14:07:30,,14:21:30,,下行,test_A_500,14:28:10,,14:53:10,,上行,test_A_00,14:53:10,,15:18:10,,J暫留線,,,,15:25:10,,下行,test_A_501,16:45:20,,16:57:00,,F暫留線,,,,17:04:00,,上行,test_A_01,17:11:15,,17:22:55,,J暫留線,,,,17:29:55,,,,17:33:05,,17:46:25,,上行,test_A_00,17:48:45,,18:13:45,,下行,test_A_500,18:20:40,,18:45:40,,上行,test_A_00,18:48:45,,19:13:45,,下行,test_A_503,19:15:00,,19:29:00,,A庫,,,,19:37:00,,上行,test_A_02,21:52:30,,22:13:10,,上行,test_C_01,22:15:10,,22:25:10,,下行,test_C_501,22:30:00,,22:40:00,,下行,test_A_502,22:44:30,,23:05:10,,A庫,,,,23:13:10,,上行,test_A_00,23:15:40,,23:40:40,,下行,test_A_502,23:45:00,,00:05:40,,A庫,,,,00:13:40,,上行,test_A_00,00:15:40,,00:40:40,,,,00:48:40,,00:57:10,,,,,,,,,,,,,,,,,,,,,,,,,,,,,,,,,,,,,,,,,,,,,,,,,,,,,,,,,,,,,,,,,,,,,,,,,,,,,,,,,,,,,,,,,,,,,,,,,,,,,,,,,,,,,,,,,,,,,,,,,,,,,,,,,,,,,,,,,,,,,,,,,,,,,,,,,,,,,,,,,,,,,,,,,,,,,,,,,,,,,,,,,,,,,,,,,,,,,,,00:57:10
21,一般列車,S,1,test_C,3051,S,>,O,2,入庫,,,>,O暫留線,3,test_C,3060,O,>,S,4,test_C,3063,S,>,J,5,test_A,2013,J,>,A,6,test_A,1016,A,>,J,7,test_A,3037,J,>,A,8,test_A,2022,A,>,J,9,test_C,3096,J,>,S,10,入庫,,,>,S庫,11,test_C,3109,S,>,J,12,test_A,2029,J,>,A,13,test_A,3074,A,>,J,14,test_A,3081,J,>,F,15,test_A,3090,F,>,J,16,入庫,,,>,J暫留線,17,test_A,3093,J,>,A,18,test_A,3112,A,>,J,19,入庫,,,>,J暫留線,20,test_A,3117,J,>,A,21,test_A,3122,A,>,J,22,test_A,3125,J,>,A,23,test_A,3130,A,>,J,24,test_A,3133,J,>,A,25,test_A,1052,A,>,J,26,入庫,,,>,J暫留線,27,test_A,3141,J,>,A,28,test_A,3148,A,>,J,29,test_A,3153,J,>,A,30,test_A,3162,A,>,J,31,test_A,3169,J,>,A,32,test_A,2084,A,>,J,33,test_C,3334,J,>,S,34,入庫,,,>,S庫,35,test_C,3353,S,>,O,36,入庫,,,>,O暫留線,37,test_C,3374,O,>,S,38,test_C,3371,S,>,O,39,test_C,3378,O,>,S,40,test_C,3377,S,>,J,41,test_A,2101,J,>,A,42,test_A,1074,A,>,J,43,test_A,3215,J,>,A,44,test_A,3220,A,>,J,45,入庫,,,>,J暫留線,46,test_A,1077,J,>,A,47,test_A,2108,A,>,J,48,test_C,3426,J,>,S,49,入庫,,,>,S庫,,,,,,,,,,,,,,,,,,,,,,,,,,,,,,,,,,,,,,,,,,,,,,,,,,,,,,,,,,,,,,,,,,,,,,,,,,,,,,,,,,,,,,,,,,,,,,,,,,,,,,,,,,,,,,,,,,,S庫
,T_008,,,下行,test_C_500,05:33:00,,05:41:00,,O暫留線,,,,05:51:00,,上行,test_C_00,05:58:20,,06:06:20,,下行,test_C_501,06:08:50,,06:18:50,,下行,test_A_502,06:20:50,,06:41:30,,上行,test_A_03,06:42:00,,06:56:00,,下行,test_A_500,06:57:02,,07:22:02,,上行,test_A_02,07:25:00,,07:45:40,,上行,test_C_01,07:47:40,,07:57:40,,S庫,,,,08:05:40,,下行,test_C_501,08:07:30,,08:17:30,,下行,test_A_502,08:21:10,,08:41:50,,上行,test_A_00,08:45:45,,09:10:45,,下行,test_A_501,09:12:51,,09:24:31,,上行,test_A_01,09:50:33,,10:02:13,,J暫留線,,,,10:09:13,,下行,test_A_500,10:14:00,,10:39:00,,上行,test_A_00,12:23:10,,12:48:10,,J暫留線,,,,12:55:10,,下行,test_A_500,13:10:35,,13:35:35,,上行,test_A_00,13:38:15,,14:03:15,,下行,test_A_500,14:10:35,,14:35:35,,上行,test_A_00,14:38:15,,15:03:15,,下行,test_A_500,15:10:35,,15:35:35,,上行,test_A_03,15:37:30,,15:51:30,,J暫留線,,,,15:58:30,,下行,test_A_500,16:10:40,,16:35:40,,上行,test_A_00,16:36:00,,17:01:00,,下行,test_A_500,17:06:10,,17:31:10,,上行,test_A_00,17:39:00,,18:04:00,,下行,test_A_500,18:06:10,,18:31:10,,上行,test_A_02,18:35:00,,18:55:40,,上行,test_C_01,18:57:40,,19:07:40,,S庫,,,,19:15:40,,下行,test_C_500,19:27:30,,19:35:30,,O暫留線,,,,19:45:30,,上行,test_C_00,20:04:03,,20:12:03,,下行,test_C_500,20:13:38,,20:21:38,,上行,test_C_00,20:21:40,,20:29:40,,下行,test_C_501,20:30:00,,20:40:00,,下行,test_A_502,20:43:00,,21:03:40,,上行,test_A_03,21:07:30,,21:21:30,,下行,test_A_500,21:28:10,,21:53:10,,上行,test_A_00,21:53:10,,22:18:10,,J暫留線,,,,22:25:10,,下行,test_A_503,22:30:00,,22:44:00,,上行,test_A_02,22:50:00,,23:10:40,,上行,test_C_01,23:12:40,,23:22:40,,S庫,,,,23:30:40,,,,,,,,,,,,,,,,,,,,,,,,,,,,,,,,,,,,,,,,,,,,,,,,,,,,,,,,,,,,,,,,,,,,,,,,,,,,,,,,,,,,,,,,,,,,,,,,,,,,,,,,,,,,,,,,,,,23:30:40
22,一般列車,A,1,test_A,3020,A,>,J,2,test_A,3027,J,>,F,3,入庫,,,>,F暫留線,4,test_A,3036,F,>,J,5,入庫,,,>,J暫留線,6,test_A,3039,J,>,A,7,test_A,1020,A,>,J,8,入庫,,,>,J暫留線,9,回送,1093,J,>,A,10,test_A,2032,A,>,J,11,test_A,3077,J,>,A,12,入庫,,,>,A庫,13,test_A,3086,A,>,J,14,入庫,,,>,J暫留線,15,test_A,3105,J,>,A,16,test_A,1038,A,>,J,17,入庫,,,>,J暫留線,18,test_A,3123,J,>,A,19,test_A,3128,A,>,J,20,入庫,,,>,J暫留線,21,test_A,3131,J,>,A,22,test_A,3136,A,>,J,23,入庫,,,>,J暫留線,24,test_A,3139,J,>,A,25,test_A,3146,A,>,J,26,入庫,,,>,J暫留線,27,回送,1085,J,>,A,28,test_B,3070,A,>,Z,29,test_B,3071,Z,>,A,30,test_A,2080,A,>,J,31,test_A,3175,J,>,F,32,test_A,3180,F,>,J,33,test_A,3183,J,>,F,34,test_A,3188,F,>,J,35,入庫,,,>,J暫留線,36,test_A,3197,J,>,A,37,test_A,1070,A,>,J,38,入庫,,,>,J暫留線,39,test_A,3207,J,>,A,40,入庫,,,>,A庫,41,test_A,3226,A,>,J,42,test_A,3227,J,>,A,43,test_A,2112,A,>,J,44,test_C,3438,J,>,S,,,,,,,,,,,,,,,,,,,,,,,,,,,,,,,,,,,,,,,,,,,,,,,,,,,,,,,,,,,,,,,,,,,,,,,,,,,,,,,,,,,,,,,,,,,,,,,,,,,,,,,,,,,,,,,,,,,,,,,,,,,,,,,,,,,,,,,,,,,,,,,,,前往 A庫 (等待回送)
,T_009,,,上行,test_A_00,05:23:10,,05:48:10,,下行,test_A_501,06:12:51,,06:24:31,,F暫留線,,,,06:31:31,,上行,test_A_01,06:50:33,,07:02:13,,J暫留線,,,,07:09:13,,下行,test_A_500,07:18:50,,07:43:50,,上行,test_A_03,07:45:00,,07:59:00,,J暫留線,,,,08:06:00,,,,08:16:20,,08:29:40,,上行,test_A_02,08:35:00,,08:55:40,,下行,test_A_500,08:57:00,,09:22:00,,A庫,,,,09:30:00,,上行,test_A_00,09:36:00,,10:01:00,,J暫留線,,,,10:08:00,,下行,test_A_500,11:40:35,,12:05:35,,上行,test_A_03,12:07:30,,12:21:30,,J暫留線,,,,12:28:30,,下行,test_A_500,13:58:10,,14:23:10,,上行,test_A_00,14:23:10,,14:48:10,,J暫留線,,,,14:55:10,,下行,test_A_500,14:58:10,,15:23:10,,上行,test_A_00,15:23:10,,15:48:10,,J暫留線,,,,15:55:10,,下行,test_A_500,15:58:10,,16:23:10,,上行,test_A_00,16:27:20,,16:52:20,,J暫留線,,,,16:59:20,,,,17:02:20,,17:15:40,,上行,test_B_00,17:15:45,,17:33:45,,下行,test_B_500,17:45:00,,18:03:00,,上行,test_A_02,18:05:00,,18:25:40,,下行,test_A_501,18:26:15,,18:37:55,,上行,test_A_01,18:41:15,,18:52:55,,下行,test_A_501,18:56:15,,19:07:55,,上行,test_A_01,19:11:15,,19:22:55,,J暫留線,,,,19:29:55,,下行,test_A_500,19:50:40,,20:15:40,,上行,test_A_03,20:18:00,,20:32:00,,J暫留線,,,,20:39:00,,下行,test_A_500,20:44:10,,21:09:10,,A庫,,,,21:17:10,,上行,test_A_00,22:50:40,,23:15:40,,下行,test_A_500,23:16:10,,23:41:10,,上行,test_A_02,23:45:00,,00:05:40,,上行,test_C_01,00:07:40,,00:17:40,,,,,,,,,,,,,,,,,,,,,,,,,,,,,,,,,,,,,,,,,,,,,,,,,,,,,,,,,,,,,,,,,,,,,,,,,,,,,,,,,,,,,,,,,,,,,,,,,,,,,,,,,,,,,,,,,,,,,,,,,,,,,,,,,,,,,,,,,,,,,,,,,00:17:40
23,一般列車,S,1,test_C,3067,S,>,O,2,入庫,,,>,O暫留線,3,test_C,3078,O,>,S,4,test_C,3079,S,>,J,5,test_A,2019,J,>,A,6,test_A,3048,A,>,J,7,test_A,3053,J,>,A,8,test_A,1056,A,>,J,9,test_A,3151,J,>,A,10,test_A,2074,A,>,J,11,test_A,3163,J,>,F,12,test_A,3172,F,>,J,13,test_C,3322,J,>,S,14,入庫,,,>,S庫,15,test_C,3341,S,>,O,16,入庫,,,>,O暫留線,17,test_C,3360,O,>,S,18,test_C,3359,S,>,O,19,test_C,3364,O,>,S,20,test_C,3367,S,>,O,21,test_C,3376,O,>,S,22,test_C,3375,S,>,O,23,test_C,3382,O,>,S,24,test_C,3383,S,>,O,25,test_C,3388,O,>,S,26,test_C,3391,S,>,O,27,test_C,3396,O,>,S,28,入庫,,,>,S庫,,,,,,,,,,,,,,,,,,,,,,,,,,,,,,,,,,,,,,,,,,,,,,,,,,,,,,,,,,,,,,,,,,,,,,,,,,,,,,,,,,,,,,,,,,,,,,,,,,,,,,,,,,,,,,,,,,,,,,,,,,,,,,,,,,,,,,,,,,,,,,,,,,,,,,,,,,,,,,,,,,,,,,,,,,,,,,,,,,,,,,,,,,,,,,,,,,,,,,,,,,,,,,,,,,,,,,,,,,,,,,,,,,,,,,,,,,,,,,,,,S庫
,T_009,,,下行,test_C_500,06:19:05,,06:27:05,,O暫留線,,,,06:37:05,,上行,test_C_00,06:42:14,,06:50:14,,下行,test_C_501,06:52:54,,07:02:54,,下行,test_A_502,07:06:10,,07:26:50,,上行,test_A_00,07:27:00,,07:52:00,,下行,test_A_500,07:52:20,,08:17:20,,上行,test_A_03,16:42:00,,16:56:00,,下行,test_A_500,16:57:00,,17:22:00,,上行,test_A_02,17:25:00,,17:45:40,,下行,test_A_501,17:45:40,,17:57:20,,上行,test_A_01,18:11:15,,18:22:55,,上行,test_C_01,18:27:40,,18:37:40,,S庫,,,,18:45:40,,下行,test_C_500,18:57:30,,19:05:30,,O暫留線,,,,19:15:30,,上行,test_C_00,19:33:50,,19:41:50,,下行,test_C_500,19:42:30,,19:50:30,,上行,test_C_00,19:50:50,,19:58:50,,下行,test_C_500,20:02:43,,20:10:43,,上行,test_C_00,20:14:58,,20:22:58,,下行,test_C_500,20:24:32,,20:32:32,,上行,test_C_00,20:36:47,,20:44:47,,下行,test_C_500,20:46:21,,20:54:21,,上行,test_C_00,20:58:36,,21:06:36,,下行,test_C_500,21:09:00,,21:17:00,,上行,test_C_00,21:22:20,,21:30:20,,S庫,,,,21:38:20,,,,,,,,,,,,,,,,,,,,,,,,,,,,,,,,,,,,,,,,,,,,,,,,,,,,,,,,,,,,,,,,,,,,,,,,,,,,,,,,,,,,,,,,,,,,,,,,,,,,,,,,,,,,,,,,,,,,,,,,,,,,,,,,,,,,,,,,,,,,,,,,,,,,,,,,,,,,,,,,,,,,,,,,,,,,,,,,,,,,,,,,,,,,,,,,,,,,,,,,,,,,,,,,,,,,,,,,,,,,,,,,,,,,,,,,,,,,,,,,,21:38:20
24,一般列車,A,1,test_A,3022,A,>,J,2,test_A,3025,J,>,A,3,test_A,3032,A,>,J,4,回送,1095,J,>,A,5,入庫,,,>,A庫,6,test_A,3050,A,>,J,7,入庫,,,>,J暫留線,8,test_A,3059,J,>,A,9,test_A,1024,A,>,J,10,入庫,,,>,J暫留線,11,test_A,3083,J,>,A,12,入庫,,,>,A庫,13,test_A,3092,A,>,J,14,入庫,,,>,J暫留線,15,test_A,3097,J,>,A,16,test_A,1034,A,>,J,17,test_A,3103,J,>,A,18,test_A,3108,A,>,J,19,入庫,,,>,J暫留線,20,test_A,3113,J,>,A,21,test_A,1042,A,>,J,22,test_A,3119,J,>,A,23,test_A,3124,A,>,J,24,入庫,,,>,J暫留線,25,test_A,3135,J,>,A,26,test_A,3140,A,>,J,27,test_A,1053,J,>,A,28,入庫,,,>,A庫,29,test_A,3152,A,>,J,30,test_A,3157,J,>,A,31,入庫,,,>,A庫,32,test_A,2078,A,>,J,33,test_A,3171,J,>,F,34,入庫,,,>,F暫留線,35,test_A,3184,F,>,J,36,入庫,,,>,J暫留線,37,test_A,2091,J,>,A,38,test_A,1068,A,>,J,,,,,,,,,,,,,,,,,,,,,,,,,,,,,,,,,,,,,,,,,,,,,,,,,,,,,,,,,,,,,,,,,,,,,,,,,,,,,,,,,,,,,,,,,,,,,,,,,,,,,,,,,,,,,,,,,,,,,,,,,,,,,,,,,,,,,,,,,,,,,,,,,,,,,,,,,,,,,,,,,,,,,,,,,,,,,,,,,,,,,前往 A庫 (等待回送)
,T_010,,,上行,test_A_00,05:38:15,,06:03:15,,下行,test_A_500,06:05:42,,06:30:42,,上行,test_A_00,06:36:00,,07:01:00,,,,07:16:20,,07:29:40,,A庫,,,,07:29:40,,上行,test_A_00,07:39:00,,08:04:00,,J暫留線,,,,08:11:00,,下行,test_A_500,08:18:50,,08:43:50,,上行,test_A_03,08:45:00,,08:59:00,,J暫留線,,,,09:06:00,,下行,test_A_500,09:21:25,,09:46:25,,A庫,,,,09:54:25,,上行,test_A_00,09:55:42,,10:20:42,,J暫留線,,,,10:27:42,,下行,test_A_500,10:40:35,,11:05:35,,上行,test_A_03,11:07:30,,11:21:30,,下行,test_A_500,11:28:10,,11:53:10,,上行,test_A_00,11:53:10,,12:18:10,,J暫留線,,,,12:25:10,,下行,test_A_500,12:40:35,,13:05:35,,上行,test_A_03,13:07:30,,13:21:30,,下行,test_A_500,13:28:10,,13:53:10,,上行,test_A_00,13:53:10,,14:18:10,,J暫留線,,,,14:25:10,,下行,test_A_500,15:28:10,,15:53:10,,上行,test_A_00,15:53:10,,16:18:10,,下行,test_A_503,16:19:45,,16:33:45,,A庫,,,,16:41:45,,上行,test_A_00,16:55:00,,17:20:00,,下行,test_A_500,17:20:40,,17:45:40,,A庫,,,,17:53:40,,上行,test_A_02,17:55:00,,18:15:40,,下行,test_A_501,18:15:40,,18:27:20,,F暫留線,,,,18:34:20,,上行,test_A_01,18:56:15,,19:07:55,,J暫留線,,,,19:14:55,,下行,test_A_502,19:19:30,,19:40:10,,上行,test_A_03,19:45:00,,19:59:00,,,,,,,,,,,,,,,,,,,,,,,,,,,,,,,,,,,,,,,,,,,,,,,,,,,,,,,,,,,,,,,,,,,,,,,,,,,,,,,,,,,,,,,,,,,,,,,,,,,,,,,,,,,,,,,,,,,,,,,,,,,,,,,,,,,,,,,,,,,,,,,,,,,,,,,,,,,,,,,,,,,,,,,,,,,,,,,,,,,,,19:59:00
25,一般列車,S,1,回送,1019,S,>,J,2,test_C,3084,J,>,S,3,test_C,3093,S,>,O,4,入庫,,,>,O暫留線,5,test_C,3112,O,>,S,6,test_C,3111,S,>,O,7,test_C,3116,O,>,S,8,test_C,3119,S,>,O,9,test_C,3126,O,>,S,10,test_C,3127,S,>,J,11,test_A,2035,J,>,A,12,test_A,2038,A,>,J,13,test_C,3136,J,>,S,14,test_C,3153,S,>,O,15,入庫,,,>,O暫留線,16,test_C,3162,O,>,S,17,test_C,3165,S,>,O,18,test_C,3170,O,>,S,19,test_C,3173,S,>,O,20,入庫,,,>,O暫留線,21,test_C,3182,O,>,S,22,test_C,3185,S,>,O,23,test_C,3190,O,>,S,24,test_C,3193,S,>,O,25,入庫,,,>,O暫留線,26,test_C,3202,O,>,S,27,test_C,3205,S,>,O,28,test_C,3210,O,>,S,29,test_C,3213,S,>,O,30,入庫,,,>,O暫留線,31,test_C,3222,O,>,S,32,test_C,3225,S,>,O,33,test_C,3230,O,>,S,34,test_C,3233,S,>,O,35,入庫,,,>,O暫留線,36,test_C,3242,O,>,S,37,test_C,3245,S,>,O,38,test_C,3250,O,>,S,39,test_C,3253,S,>,O,40,入庫,,,>,O暫留線,41,test_C,3262,O,>,S,42,test_C,3265,S,>,O,43,test_C,3270,O,>,S,44,test_C,3273,S,>,O,45,test_C,3282,O,>,S,46,test_C,3281,S,>,O,47,test_C,3288,O,>,S,48,test_C,3289,S,>,O,49,test_C,3294,O,>,S,50,test_C,3297,S,>,J,51,test_A,2075,J,>,A,52,test_A,1060,A,>,J,53,入庫,,,>,J暫留線,54,test_A,1061,J,>,A,55,test_A,3178,A,>,J,56,test_A,3185,J,>,A,57,test_A,2092,A,>,J,58,test_A,3199,J,>,F,59,test_A,3204,F,>,J,60,test_A,1069,J,>,A,61,test_A,3212,A,>,J,62,入庫,,,>,J暫留線,63,test_A,3217,J,>,A,64,test_A,2106,A,>,J,65,test_A,3223,J,>,A,66,回送,1102,A,>,J,67,回送,1016,J,>,S,68,入庫,,,>,S庫,S庫
,T_010,,,,,07:01:40,,07:09:40,,上行,test_C_01,07:16:50,,07:26:50,,下行,test_C_500,07:27:30,,07:35:30,,O暫留線,,,,07:45:30,,上行,test_C_00,08:03:50,,08:11:50,,下行,test_C_500,08:12:30,,08:20:30,,上行,test_C_00,08:20:50,,08:28:50,,下行,test_C_500,08:32:30,,08:40:30,,上行,test_C_00,08:43:50,,08:51:50,,下行,test_C_501,08:52:30,,09:02:30,,下行,test_A_502,09:08:00,,09:28:40,,上行,test_A_02,09:30:00,,09:50:40,,上行,test_C_01,09:52:40,,10:02:40,,下行,test_C_500,10:03:00,,10:11:00,,O暫留線,,,,10:21:00,,上行,test_C_00,10:28:20,,10:36:20,,下行,test_C_500,10:39:00,,10:47:00,,上行,test_C_00,10:52:20,,11:00:20,,下行,test_C_500,11:03:00,,11:11:00,,O暫留線,,,,11:21:00,,上行,test_C_00,11:28:20,,11:36:20,,下行,test_C_500,11:39:00,,11:47:00,,上行,test_C_00,11:52:20,,12:00:20,,下行,test_C_500,12:03:00,,12:11:00,,O暫留線,,,,12:21:00,,上行,test_C_00,12:28:20,,12:36:20,,下行,test_C_500,12:39:00,,12:47:00,,上行,test_C_00,12:52:20,,13:00:20,,下行,test_C_500,13:03:00,,13:11:00,,O暫留線,,,,13:21:00,,上行,test_C_00,13:28:20,,13:36:20,,下行,test_C_500,13:39:00,,13:47:00,,上行,test_C_00,13:52:20,,14:00:20,,下行,test_C_500,14:03:00,,14:11:00,,O暫留線,,,,14:21:00,,上行,test_C_00,14:28:20,,14:36:20,,下行,test_C_500,14:39:00,,14:47:00,,上行,test_C_00,14:52:20,,15:00:20,,下行,test_C_500,15:03:00,,15:11:00,,O暫留線,,,,15:21:00,,上行,test_C_00,15:28:20,,15:36:20,,下行,test_C_500,15:39:00,,15:47:00,,上行,test_C_00,15:52:20,,16:00:20,,下行,test_C_500,16:02:43,,16:10:43,,上行,test_C_00,16:14:58,,16:22:58,,下行,test_C_500,16:24:32,,16:32:32,,上行,test_C_00,16:36:47,,16:44:47,,下行,test_C_500,16:46:21,,16:54:21,,上行,test_C_00,16:58:36,,17:06:36,,下行,test_C_501,17:07:30,,17:17:30,,下行,test_A_502,17:19:30,,17:40:10,,上行,test_A_03,17:45:00,,17:59:00,,J暫留線,,,,18:06:00,,下行,test_A_503,18:15:00,,18:29:00,,上行,test_A_00,18:39:00,,19:04:00,,下行,test_A_500,19:06:10,,19:31:10,,上行,test_A_02,19:35:00,,19:55:40,,下行,test_A_501,19:56:15,,20:07:55,,上行,test_A_01,20:16:10,,20:27:50,,下行,test_A_503,20:28:10,,20:42:10,,上行,test_A_00,20:55:00,,21:20:00,,J暫留線,,,,21:27:00,,下行,test_A_500,21:40:35,,22:05:35,,上行,test_A_02,22:10:00,,22:30:40,,下行,test_A_500,22:30:40,,22:55:40,,,,23:03:40,,23:17:00,,,,23:17:00,,23:25:30,,S庫,,,,23:25:30,23:25:30
26,一般列車,A,1,test_A,3030,A,>,J,2,test_A,3035,J,>,F,3,入庫,,,>,F暫留線,4,test_A,3042,F,>,J,5,test_A,3043,J,>,A,6,入庫,,,>,A庫,7,test_A,3060,A,>,J,8,入庫,,,>,J暫留線,9,test_A,3069,J,>,A,10,test_A,3080,A,>,J,11,test_A,1027,J,>,A,12,回送,1080,A,>,J,13,回送,1002,J,>,S,14,test_C,3167,S,>,J,15,test_A,2045,J,>,A,16,test_A,2046,A,>,J,17,test_C,3184,J,>,S,18,test_C,3191,S,>,O,19,test_C,3198,O,>,S,20,test_C,3199,S,>,O,21,test_C,3206,O,>,S,22,test_C,3207,S,>,J,23,test_A,2053,J,>,A,24,test_A,2054,A,>,J,25,test_C,3224,J,>,S,26,test_C,3231,S,>,O,27,test_C,3238,O,>,S,28,test_C,3239,S,>,O,29,test_C,3246,O,>,S,30,test_C,3247,S,>,J,31,test_A,2061,J,>,A,32,test_A,2062,A,>,J,33,test_C,3264,J,>,S,34,test_C,3271,S,>,O,35,test_C,3284,O,>,S,36,test_C,3283,S,>,J,37,test_A,2069,J,>,A,38,test_A,2072,A,>,J,39,test_A,3159,J,>,F,40,test_A,3164,F,>,J,41,test_A,3167,J,>,F,42,入庫,,,>,F暫留線,43,test_A,3176,F,>,J,44,入庫,,,>,J暫留線,45,test_A,3181,J,>,A,46,入庫,,,>,A庫,47,test_A,2090,A,>,J,48,test_A,3195,J,>,F,49,入庫,,,>,F暫留線,50,回送,1106,F,>,J,51,回送,1022,J,>,S,52,test_C,3419,S,>,O,53,test_C,3424,O,>,S,54,test_C,3423,S,>,O,55,test_C,3430,O,>,S,56,test_C,3427,S,>,O,57,test_C,3436,O,>,S,58,test_C,3431,S,>,O,59,回送,1018,O,>,S,,,,,,,,,,,,,,,,,,,,,,,,,,,,,,,,,,,,,,,,,,,,,,,,,,,,,,,前往 A庫 (等待回送)
,T_011,,,上行,test_A_00,06:21:25,,06:46:25,,下行,test_A_501,06:47:08,,06:58:48,,F暫留線,,,,07:05:48,,上行,test_A_01,07:10:15,,07:21:55,,下行,test_A_500,07:22:20,,07:47:20,,A庫,,,,07:55:20,,上行,test_A_00,08:09:00,,08:34:00,,J暫留線,,,,08:41:00,,下行,test_A_500,08:48:50,,09:13:50,,上行,test_A_00,09:15:27,,09:40:27,,下行,test_A_503,09:42:00,,09:56:00,,,,10:02:00,,10:15:20,,,,10:15:20,,10:23:50,,下行,test_C_501,10:45:00,,10:55:00,,下行,test_A_502,10:57:00,,11:17:40,,上行,test_A_02,11:22:30,,11:43:10,,上行,test_C_01,11:45:10,,11:55:10,,下行,test_C_500,11:57:00,,12:05:00,,上行,test_C_00,12:10:20,,12:18:20,,下行,test_C_500,12:21:00,,12:29:00,,上行,test_C_00,12:34:20,,12:42:20,,下行,test_C_501,12:45:00,,12:55:00,,下行,test_A_502,12:57:00,,13:17:40,,上行,test_A_02,13:22:30,,13:43:10,,上行,test_C_01,13:45:10,,13:55:10,,下行,test_C_500,13:57:00,,14:05:00,,上行,test_C_00,14:10:20,,14:18:20,,下行,test_C_500,14:21:00,,14:29:00,,上行,test_C_00,14:34:20,,14:42:20,,下行,test_C_501,14:45:00,,14:55:00,,下行,test_A_502,14:57:00,,15:17:40,,上行,test_A_02,15:22:30,,15:43:10,,上行,test_C_01,15:45:10,,15:55:10,,下行,test_C_500,15:57:00,,16:05:00,,上行,test_C_00,16:20:25,,16:28:25,,下行,test_C_501,16:30:00,,16:40:00,,下行,test_A_502,16:43:00,,17:03:40,,上行,test_A_02,17:05:00,,17:25:40,,下行,test_A_501,17:26:15,,17:37:55,,上行,test_A_01,17:41:15,,17:52:55,,下行,test_A_501,17:56:15,,18:07:55,,F暫留線,,,,18:14:55,,上行,test_A_01,18:26:15,,18:37:55,,J暫留線,,,,18:44:55,,下行,test_A_500,18:50:40,,19:15:40,,A庫,,,,19:23:40,,上行,test_A_02,19:25:00,,19:45:40,,下行,test_A_501,19:45:40,,19:57:20,,F暫留線,,,,20:04:20,,,,20:09:00,,20:16:20,,,,20:16:20,,20:24:50,,下行,test_C_500,22:47:08,,22:55:08,,上行,test_C_00,22:57:02,,23:05:02,,下行,test_C_500,23:07:30,,23:15:30,,上行,test_C_00,23:23:50,,23:31:50,,下行,test_C_500,23:37:30,,23:45:30,,上行,test_C_00,23:53:50,,00:01:50,,下行,test_C_500,00:07:30,,00:15:30,,,,00:26:00,,00:32:30,,,,,,,,,,,,,,,,,,,,,,,,,,,,,,,,,,,,,,,,,,,,,,,,,,,,,,,00:32:30
27,一般列車,S,1,test_C,3083,S,>,O,2,test_C,3090,O,>,S,3,test_C,3091,S,>,J,4,test_A,2023,J,>,A,5,test_A,3058,A,>,J,6,test_A,3065,J,>,F,7,test_A,3072,F,>,J,8,test_C,3122,J,>,S,9,test_C,3133,S,>,J,10,test_A,2037,J,>,A,11,test_A,1028,A,>,J,12,test_A,3091,J,>,A,13,test_A,3096,A,>,J,14,入庫,,,>,J暫留線,15,test_A,3101,J,>,A,16,test_A,3106,A,>,J,17,入庫,,,>,J暫留線,18,test_A,3129,J,>,A,19,test_A,1050,A,>,J,20,test_A,3143,J,>,F,21,test_A,3150,F,>,J,22,入庫,,,>,J暫留線,23,test_C,3298,J,>,S,24,入庫,,,>,S庫,25,test_C,3317,S,>,O,26,入庫,,,>,O暫留線,27,test_C,3336,O,>,S,28,test_C,3335,S,>,O,29,test_C,3340,O,>,S,30,test_C,3343,S,>,O,31,test_C,3350,O,>,S,32,test_C,3351,S,>,J,33,test_A,2093,J,>,A,34,回送,1110,A,>,J,35,入庫,,,>,J暫留線,36,回送,1024,J,>,S,37,test_C,3379,S,>,O,38,test_C,3386,O,>,S,39,test_C,3387,S,>,O,40,test_C,3394,O,>,S,41,test_C,3395,S,>,O,42,test_C,3402,O,>,S,43,test_C,3403,S,>,J,44,test_A,2107,J,>,A,45,回送,1088,A,>,J,46,回送,1006,J,>,S,47,入庫,,,>,S庫,,,,,,,,,,,,,,,,,,,,,,,,,,,,,,,,,,,,,,,,,,,,,,,,,,,,,,,,,,,,,,,,,,,,,,,,,,,,,,,,,,,,,,,,,,,,,,,,,,,,,,,,,,,,,,,,,,,,,,,,,,,,,,,S庫
,T_011,,,下行,test_C_500,07:02:30,,07:10:30,,上行,test_C_00,07:13:50,,07:21:50,,下行,test_C_501,07:22:30,,07:32:30,,下行,test_A_502,07:36:10,,07:56:50,,上行,test_A_00,07:57:00,,08:22:00,,下行,test_A_501,08:23:30,,08:35:10,,上行,test_A_01,08:39:00,,08:50:40,,上行,test_C_01,08:57:40,,09:07:40,,下行,test_C_501,09:08:10,,09:18:10,,下行,test_A_502,09:20:10,,09:40:50,,上行,test_A_03,09:42:00,,09:56:00,,下行,test_A_500,09:57:02,,10:22:02,,上行,test_A_00,10:23:10,,10:48:10,,J暫留線,,,,10:55:10,,下行,test_A_500,11:10:35,,11:35:35,,上行,test_A_00,11:38:15,,12:03:15,,J暫留線,,,,12:10:15,,下行,test_A_500,14:40:35,,15:05:35,,上行,test_A_03,15:07:30,,15:21:30,,下行,test_A_501,16:22:05,,16:33:45,,上行,test_A_01,16:50:30,,17:02:10,,J暫留線,,,,17:09:10,,上行,test_C_01,17:27:40,,17:37:40,,S庫,,,,17:45:40,,下行,test_C_500,17:57:30,,18:05:30,,O暫留線,,,,18:15:30,,上行,test_C_00,18:33:50,,18:41:50,,下行,test_C_500,18:42:30,,18:50:30,,上行,test_C_00,18:50:50,,18:58:50,,下行,test_C_500,19:02:30,,19:10:30,,上行,test_C_00,19:13:50,,19:21:50,,下行,test_C_501,19:22:30,,19:32:30,,下行,test_A_502,19:35:00,,19:55:40,,,,20:03:40,,20:17:00,,J暫留線,,,,20:17:00,,,,20:26:05,,20:34:35,,下行,test_C_500,20:35:27,,20:43:27,,上行,test_C_00,20:47:41,,20:55:41,,下行,test_C_500,20:57:16,,21:05:16,,上行,test_C_00,21:10:20,,21:18:20,,下行,test_C_500,21:21:00,,21:29:00,,上行,test_C_00,21:34:20,,21:42:20,,下行,test_C_501,21:45:00,,21:55:00,,下行,test_A_502,21:57:00,,22:17:40,,,,22:25:40,,22:39:00,,,,22:40:05,,22:48:35,,S庫,,,,22:48:35,,,,,,,,,,,,,,,,,,,,,,,,,,,,,,,,,,,,,,,,,,,,,,,,,,,,,,,,,,,,,,,,,,,,,,,,,,,,,,,,,,,,,,,,,,,,,,,,,,,,,,,,,,,,,,,,,,,,,,,,,,,,,,,22:48:35
28,一般列車,S,1,test_C,3097,S,>,J,2,test_A,2025,J,>,A,3,test_A,3064,A,>,J,4,test_A,1023,J,>,A,5,test_A,2040,A,>,J,6,test_C,3154,J,>,S,7,test_C,3161,S,>,O,8,test_C,3168,O,>,S,9,test_C,3169,S,>,O,10,test_C,3176,O,>,S,11,test_C,3177,S,>,J,12,test_A,2047,J,>,A,13,test_A,2048,A,>,J,14,test_C,3194,J,>,S,15,test_C,3201,S,>,O,16,test_C,3208,O,>,S,17,test_C,3209,S,>,O,18,test_C,3216,O,>,S,19,test_C,3217,S,>,J,20,test_A,2055,J,>,A,21,test_A,2056,A,>,J,22,test_C,3234,J,>,S,23,test_C,3241,S,>,O,24,test_C,3248,O,>,S,25,test_C,3249,S,>,O,26,test_C,3256,O,>,S,27,test_C,3257,S,>,J,28,test_A,2063,J,>,A,29,test_A,2064,A,>,J,30,test_C,3274,J,>,S,31,回送,1029,S,>,J,32,入庫,,,>,J暫留線,33,test_A,3161,J,>,A,34,test_A,3170,A,>,J,35,test_A,3177,J,>,A,36,test_A,3194,A,>,J,37,test_A,3201,J,>,A,38,test_A,3208,A,>,J,39,入庫,,,>,J暫留線,40,test_A,3213,J,>,A,41,回送,1100,A,>,J,42,回送,1012,J,>,S,43,入庫,,,>,S庫,,,,,,,,,,,,,,,,,,,,,,,,,,,,,,,,,,,,,,,,,,,,,,,,,,,,,,,,,,,,,,,,,,,,,,,,,,,,,,,,,,,,,,,,,,,,,,,,,,,,,,,,,,,,,,,,,,,,,,,,,,,,,,,,,,,,,,,,,,,,,,,,,,,,,,,S庫
,T_012,,,下行,test_C_501,07:37:30,,07:47:30,,下行,test_A_502,07:51:10,,08:11:50,,上行,test_A_00,08:15:45,,08:40:45,,下行,test_A_503,08:45:00,,08:59:00,,上行,test_A_02,09:54:00,,10:14:40,,上行,test_C_01,10:16:40,,10:26:40,,下行,test_C_500,10:27:00,,10:35:00,,上行,test_C_00,10:40:20,,10:48:20,,下行,test_C_500,10:51:00,,10:59:00,,上行,test_C_00,11:04:20,,11:12:20,,下行,test_C_501,11:15:00,,11:25:00,,下行,test_A_502,11:27:00,,11:47:40,,上行,test_A_02,11:52:30,,12:13:10,,上行,test_C_01,12:15:10,,12:25:10,,下行,test_C_500,12:27:00,,12:35:00,,上行,test_C_00,12:40:20,,12:48:20,,下行,test_C_500,12:51:00,,12:59:00,,上行,test_C_00,13:04:20,,13:12:20,,下行,test_C_501,13:15:00,,13:25:00,,下行,test_A_502,13:27:00,,13:47:40,,上行,test_A_02,13:52:30,,14:13:10,,上行,test_C_01,14:15:10,,14:25:10,,下行,test_C_500,14:27:00,,14:35:00,,上行,test_C_00,14:40:20,,14:48:20,,下行,test_C_500,14:51:00,,14:59:00,,上行,test_C_00,15:04:20,,15:12:20,,下行,test_C_501,15:15:00,,15:25:00,,下行,test_A_502,15:27:00,,15:47:40,,上行,test_A_02,15:52:30,,16:13:10,,上行,test_C_01,16:15:10,,16:25:10,,,,16:28:05,,16:36:05,,J暫留線,,,,16:36:05,,下行,test_A_500,17:36:10,,18:01:10,,上行,test_A_00,18:09:00,,18:34:00,,下行,test_A_500,18:36:10,,19:01:10,,上行,test_A_00,19:39:00,,20:04:00,,下行,test_A_500,20:09:10,,20:34:10,,上行,test_A_00,20:36:00,,21:01:00,,J暫留線,,,,21:08:00,,下行,test_A_500,21:14:00,,21:39:00,,,,21:50:35,,22:03:55,,,,22:06:30,,22:15:00,,S庫,,,,22:15:00,,,,,,,,,,,,,,,,,,,,,,,,,,,,,,,,,,,,,,,,,,,,,,,,,,,,,,,,,,,,,,,,,,,,,,,,,,,,,,,,,,,,,,,,,,,,,,,,,,,,,,,,,,,,,,,,,,,,,,,,,,,,,,,,,,,,,,,,,,,,,,,,,,,,,,,22:15:00
29,一般列車,S,1,test_C,3110,J,>,S,2,入庫,,,>,S庫,3,test_C,3129,S,>,O,4,入庫,,,>,O暫留線,5,test_C,3144,O,>,S,6,test_C,3143,S,>,O,7,test_C,3150,O,>,S,8,test_C,3151,S,>,O,9,test_C,3158,O,>,S,10,test_C,3159,S,>,O,11,test_C,3166,O,>,S,12,入庫,,,>,S庫,13,test_C,3181,S,>,O,14,test_C,3188,O,>,S,15,test_C,3189,S,>,O,16,test_C,3196,O,>,S,17,test_C,3197,S,>,J,18,test_A,2051,J,>,A,19,test_A,2052,A,>,J,20,test_C,3214,J,>,S,21,test_C,3221,S,>,O,22,test_C,3228,O,>,S,23,test_C,3229,S,>,O,24,test_C,3236,O,>,S,25,入庫,,,>,S庫,26,test_C,3243,S,>,O,27,入庫,,,>,O暫留線,28,test_C,3252,O,>,S,29,test_C,3255,S,>,O,30,test_C,3260,O,>,S,31,test_C,3263,S,>,O,32,入庫,,,>,O暫留線,33,test_C,3272,O,>,S,34,test_C,3275,S,>,J,35,test_A,2067,J,>,A,36,test_A,3158,A,>,J,37,test_A,2079,J,>,A,38,test_A,1062,A,>,J,39,回送,1083,J,>,A,40,test_A,3190,A,>,J,41,test_A,1067,J,>,A,42,test_A,2098,A,>,J,43,test_C,3372,J,>,S,44,test_C,3389,S,>,O,45,入庫,,,>,O暫留線,46,test_C,3398,O,>,S,47,test_C,3401,S,>,O,48,test_C,3406,O,>,S,49,test_C,3409,S,>,O,50,test_C,3416,O,>,S,51,入庫,,,>,S庫,52,回送,1025,S,>,J,53,回送,1101,J,>,A,,,,,,,,,,,,,,,,,,,,,,,,,,,,,,,,,,,,,,,,,,,,,,,,,,,,,,,,,,,,,,,,,,,,,,,,,,,,,,,,,,,,,,,,,,,前往 S庫 (等待回送)
,T_013,,,上行,test_C_01,08:27:40,,08:37:40,,S庫,,,,08:45:40,,下行,test_C_500,08:57:30,,09:05:30,,O暫留線,,,,09:15:30,,上行,test_C_00,09:25:52,,09:33:52,,下行,test_C_500,09:35:27,,09:43:27,,上行,test_C_00,09:47:41,,09:55:41,,下行,test_C_500,09:57:16,,10:05:16,,上行,test_C_00,10:10:20,,10:18:20,,下行,test_C_500,10:21:00,,10:29:00,,上行,test_C_00,10:34:20,,10:42:20,,S庫,,,,10:50:20,,下行,test_C_500,11:27:00,,11:35:00,,上行,test_C_00,11:40:20,,11:48:20,,下行,test_C_500,11:51:00,,11:59:00,,上行,test_C_00,12:04:20,,12:12:20,,下行,test_C_501,12:15:00,,12:25:00,,下行,test_A_502,12:27:00,,12:47:40,,上行,test_A_02,12:52:30,,13:13:10,,上行,test_C_01,13:15:10,,13:25:10,,下行,test_C_500,13:27:00,,13:35:00,,上行,test_C_00,13:40:20,,13:48:20,,下行,test_C_500,13:51:00,,13:59:00,,上行,test_C_00,14:04:20,,14:12:20,,S庫,,,,14:20:20,,下行,test_C_500,14:33:00,,14:41:00,,O暫留線,,,,14:51:00,,上行,test_C_00,14:58:20,,15:06:20,,下行,test_C_500,15:09:00,,15:17:00,,上行,test_C_00,15:22:20,,15:30:20,,下行,test_C_500,15:33:00,,15:41:00,,O暫留線,,,,15:51:00,,上行,test_C_00,15:58:20,,16:06:20,,下行,test_C_501,16:08:50,,16:18:50,,下行,test_A_502,16:20:50,,16:41:30,,上行,test_A_00,17:18:45,,17:43:45,,下行,test_A_502,17:49:30,,18:10:10,,上行,test_A_03,18:15:00,,18:29:00,,,,18:33:05,,18:46:25,,上行,test_A_00,19:18:45,,19:43:45,,下行,test_A_503,19:45:00,,19:59:00,,上行,test_A_02,20:30:00,,20:50:40,,上行,test_C_01,20:52:40,,21:02:40,,下行,test_C_500,21:03:00,,21:11:00,,O暫留線,,,,21:21:00,,上行,test_C_00,21:28:20,,21:36:20,,下行,test_C_500,21:39:00,,21:47:00,,上行,test_C_00,21:52:20,,22:00:20,,下行,test_C_500,22:04:17,,22:12:17,,上行,test_C_00,22:14:11,,22:22:11,,S庫,,,,22:30:11,,,,22:32:41,,22:40:41,,,,22:43:06,,22:56:26,,,,,,,,,,,,,,,,,,,,,,,,,,,,,,,,,,,,,,,,,,,,,,,,,,,,,,,,,,,,,,,,,,,,,,,,,,,,,,,,,,,,,,,,,,,22:56:26
30,一般列車,S,1,test_C,3134,J,>,S,2,入庫,,,>,S庫,3,回送,1023,S,>,J,4,test_C,3296,J,>,S,5,test_C,3305,S,>,O,6,入庫,,,>,O暫留線,7,test_C,3324,O,>,S,8,test_C,3323,S,>,O,9,test_C,3328,O,>,S,10,test_C,3331,S,>,O,11,test_C,3338,O,>,S,12,test_C,3339,S,>,J,13,test_A,2089,J,>,A,14,test_A,2094,A,>,J,15,test_C,3368,J,>,S,16,入庫,,,>,S庫,,,,,,,,,,,,,,,,,,,,,,,,,,,,,,,,,,,,,,,,,,,,,,,,,,,,,,,,,,,,,,,,,,,,,,,,,,,,,,,,,,,,,,,,,,,,,,,,,,,,,,,,,,,,,,,,,,,,,,,,,,,,,,,,,,,,,,,,,,,,,,,,,,,,,,,,,,,,,,,,,,,,,,,,,,,,,,,,,,,,,,,,,,,,,,,,,,,,,,,,,,,,,,,,,,,,,,,,,,,,,,,,,,,,,,,,,,,,,,,,,,,,,,,,,,,,,,,,,,,,,,,,,,,,,,,,,,,,,,,,,,,,,,,,,,,,,,,,,,,,,,,,,,,,,,,,,S庫
,T_014,,,上行,test_C_01,09:30:30,,09:40:30,,S庫,,,,09:48:30,,,,15:24:30,,15:32:30,,上行,test_C_01,17:16:50,,17:26:50,,下行,test_C_500,17:27:30,,17:35:30,,O暫留線,,,,17:45:30,,上行,test_C_00,18:03:50,,18:11:50,,下行,test_C_500,18:12:30,,18:20:30,,上行,test_C_00,18:20:50,,18:28:50,,下行,test_C_500,18:32:30,,18:40:30,,上行,test_C_00,18:43:50,,18:51:50,,下行,test_C_501,18:52:30,,19:02:30,,下行,test_A_502,19:05:00,,19:25:40,,上行,test_A_02,19:55:00,,20:15:40,,上行,test_C_01,20:18:30,,20:28:30,,S庫,,,,20:36:30,,,,,,,,,,,,,,,,,,,,,,,,,,,,,,,,,,,,,,,,,,,,,,,,,,,,,,,,,,,,,,,,,,,,,,,,,,,,,,,,,,,,,,,,,,,,,,,,,,,,,,,,,,,,,,,,,,,,,,,,,,,,,,,,,,,,,,,,,,,,,,,,,,,,,,,,,,,,,,,,,,,,,,,,,,,,,,,,,,,,,,,,,,,,,,,,,,,,,,,,,,,,,,,,,,,,,,,,,,,,,,,,,,,,,,,,,,,,,,,,,,,,,,,,,,,,,,,,,,,,,,,,,,,,,,,,,,,,,,,,,,,,,,,,,,,,,,,,,,,,,,,,,,,,,,,,,20:36:30
31,一般列車,S,1,回送,1031,S,>,J,2,test_A,3155,J,>,F,3,test_A,3168,F,>,J,4,入庫,,,>,J暫留線,5,test_C,3346,J,>,S,6,入庫,,,>,S庫,7,test_C,3365,S,>,O,8,入庫,,,>,O暫留線,9,test_C,3380,O,>,S,10,入庫,,,>,S庫,,,,,,,,,,,,,,,,,,,,,,,,,,,,,,,,,,,,,,,,,,,,,,,,,,,,,,,,,,,,,,,,,,,,,,,,,,,,,,,,,,,,,,,,,,,,,,,,,,,,,,,,,,,,,,,,,,,,,,,,,,,,,,,,,,,,,,,,,,,,,,,,,,,,,,,,,,,,,,,,,,,,,,,,,,,,,,,,,,,,,,,,,,,,,,,,,,,,,,,,,,,,,,,,,,,,,,,,,,,,,,,,,,,,,,,,,,,,,,,,,,,,,,,,,,,,,,,,,,,,,,,,,,,,,,,,,,,,,,,,,,,,,,,,,,,,,,,,,,,,,,,,,,,,,,,,,,,,,,,,,,,,,,,,,,,,,,,,,,,,,,,,,,,,,S庫
,T_015,,,,,17:00:50,,17:08:50,,下行,test_A_501,17:15:40,,17:27:20,,上行,test_A_01,17:56:15,,18:07:55,,J暫留線,,,,18:14:55,,上行,test_C_01,19:27:40,,19:37:40,,S庫,,,,19:45:40,,下行,test_C_500,19:57:30,,20:05:30,,O暫留線,,,,20:15:30,,上行,test_C_00,20:25:52,,20:33:52,,S庫,,,,20:41:52,,,,,,,,,,,,,,,,,,,,,,,,,,,,,,,,,,,,,,,,,,,,,,,,,,,,,,,,,,,,,,,,,,,,,,,,,,,,,,,,,,,,,,,,,,,,,,,,,,,,,,,,,,,,,,,,,,,,,,,,,,,,,,,,,,,,,,,,,,,,,,,,,,,,,,,,,,,,,,,,,,,,,,,,,,,,,,,,,,,,,,,,,,,,,,,,,,,,,,,,,,,,,,,,,,,,,,,,,,,,,,,,,,,,,,,,,,,,,,,,,,,,,,,,,,,,,,,,,,,,,,,,,,,,,,,,,,,,,,,,,,,,,,,,,,,,,,,,,,,,,,,,,,,,,,,,,,,,,,,,,,,,,,,,,,,,,,,,,,,,,,,,,,,,,20:41:52
32,一般列車,S,1,test_C,3295,S,>,O,2,test_C,3302,O,>,S,3,test_C,3303,S,>,J,4,test_A,2077,J,>,A,,,,,,,,,,,,,,,,,,,,,,,,,,,,,,,,,,,,,,,,,,,,,,,,,,,,,,,,,,,,,,,,,,,,,,,,,,,,,,,,,,,,,,,,,,,,,,,,,,,,,,,,,,,,,,,,,,,,,,,,,,,,,,,,,,,,,,,,,,,,,,,,,,,,,,,,,,,,,,,,,,,,,,,,,,,,,,,,,,,,,,,,,,,,,,,,,,,,,,,,,,,,,,,,,,,,,,,,,,,,,,,,,,,,,,,,,,,,,,,,,,,,,,,,,,,,,,,,,,,,,,,,,,,,,,,,,,,,,,,,,,,,,,,,,,,,,,,,,,,,,,,,,,,,,,,,,,,,,,,,,,,,,,,,,,,,,,,,,,,,,,,,,,,,,,,,,,,,,,,,,,,,,,,,,,,,,,,,,,,,,,,,,前往 S庫 (等待回送)
,T_016,,,下行,test_C_500,17:02:30,,17:10:30,,上行,test_C_00,17:13:50,,17:21:50,,下行,test_C_501,17:22:30,,17:32:30,,下行,test_A_502,17:35:00,,17:55:40,,,,,,,,,,,,,,,,,,,,,,,,,,,,,,,,,,,,,,,,,,,,,,,,,,,,,,,,,,,,,,,,,,,,,,,,,,,,,,,,,,,,,,,,,,,,,,,,,,,,,,,,,,,,,,,,,,,,,,,,,,,,,,,,,,,,,,,,,,,,,,,,,,,,,,,,,,,,,,,,,,,,,,,,,,,,,,,,,,,,,,,,,,,,,,,,,,,,,,,,,,,,,,,,,,,,,,,,,,,,,,,,,,,,,,,,,,,,,,,,,,,,,,,,,,,,,,,,,,,,,,,,,,,,,,,,,,,,,,,,,,,,,,,,,,,,,,,,,,,,,,,,,,,,,,,,,,,,,,,,,,,,,,,,,,,,,,,,,,,,,,,,,,,,,,,,,,,,,,,,,,,,,,,,,,,,,,,,,,,,,,,,,17:55:40
33,一般列車,S,1,test_C,3309,S,>,J,2,test_C,3308,J,>,S,3,入庫,,,>,S庫,4,test_C,3321,S,>,J,5,test_C,3320,J,>,S,6,入庫,,,>,S庫,7,test_C,3333,S,>,J,8,test_C,3332,J,>,S,9,入庫,,,>,S庫,10,test_C,3345,S,>,J,11,test_C,3344,J,>,S,12,入庫,,,>,S庫,13,test_C,3357,S,>,J,14,test_C,3356,J,>,S,15,入庫,,,>,S庫,16,回送,1009,S,>,J,17,回送,1089,J,>,A,18,test_B,3084,A,>,Z,19,test_B,3085,Z,>,A,20,test_B,3088,A,>,Z,21,test_B,3089,Z,>,A,22,test_B,1078,A,>,Z,23,test_B,2079,Z,>,A,24,test_B,2082,A,>,Z,25,test_B,3095,Z,>,A,,,,,,,,,,,,,,,,,,,,,,,,,,,,,,,,,,,,,,,,,,,,,,,,,,,,,,,,,,,,,,,,,,,,,,,,,,,,,,,,,,,,,,,,,,,,,,,,,,,,,,,,,,,,,,,,,,,,,,,,,,,,,,,,,,,,,,,,,,,,,,,,,,,,,,,,,,,,,,,,,,,,,,,,,,,,,,,,,,,,,,,,,,,,,,,,,,,,,,,,,,,,,,,,,,,,,,,,,,,,,,,,,,,,,,,,,,,,,,,,,,,,,,,,,,,,,,,,,,,前往 S庫 (等待回送)
,T_017,,,下行,test_C_501,17:37:30,,17:47:30,,上行,test_C_01,17:47:40,,17:57:40,,S庫,,,,18:05:40,,下行,test_C_501,18:07:30,,18:17:30,,上行,test_C_01,18:17:40,,18:27:40,,S庫,,,,18:35:40,,下行,test_C_501,18:37:30,,18:47:30,,上行,test_C_01,18:47:40,,18:57:40,,S庫,,,,19:05:40,,下行,test_C_501,19:07:30,,19:17:30,,上行,test_C_01,19:17:40,,19:27:40,,S庫,,,,19:35:40,,下行,test_C_501,19:37:30,,19:47:30,,上行,test_C_01,19:47:40,,19:57:40,,S庫,,,,20:05:40,,,,20:10:55,,20:18:55,,,,20:25:15,,20:38:35,,上行,test_B_00,20:45:00,,21:03:00,,下行,test_B_500,21:15:00,,21:33:00,,上行,test_B_00,21:45:00,,22:03:00,,下行,test_B_500,22:15:00,,22:33:00,,上行,test_B_02,22:33:15,,22:45:15,,下行,test_B_501,22:50:00,,23:04:00,,上行,test_B_01,23:18:10,,23:32:10,,下行,test_B_500,23:45:40,,00:03:40,,,,,,,,,,,,,,,,,,,,,,,,,,,,,,,,,,,,,,,,,,,,,,,,,,,,,,,,,,,,,,,,,,,,,,,,,,,,,,,,,,,,,,,,,,,,,,,,,,,,,,,,,,,,,,,,,,,,,,,,,,,,,,,,,,,,,,,,,,,,,,,,,,,,,,,,,,,,,,,,,,,,,,,,,,,,,,,,,,,,,,,,,,,,,,,,,,,,,,,,,,,,,,,,,,,,,,,,,,,,,,,,,,,,,,,,,,,,,,,,,,,,,,,,,,,,,,,,,,,00:03:40
34,一般列車,S,1,test_C,3412,J,>,S,2,入庫,,,>,S庫,,,,,,,,,,,,,,,,,,,,,,,,,,,,,,,,,,,,,,,,,,,,,,,,,,,,,,,,,,,,,,,,,,,,,,,,,,,,,,,,,,,,,,,,,,,,,,,,,,,,,,,,,,,,,,,,,,,,,,,,,,,,,,,,,,,,,,,,,,,,,,,,,,,,,,,,,,,,,,,,,,,,,,,,,,,,,,,,,,,,,,,,,,,,,,,,,,,,,,,,,,,,,,,,,,,,,,,,,,,,,,,,,,,,,,,,,,,,,,,,,,,,,,,,,,,,,,,,,,,,,,,,,,,,,,,,,,,,,,,,,,,,,,,,,,,,,,,,,,,,,,,,,,,,,,,,,,,,,,,,,,,,,,,,,,,,,,,,,,,,,,,,,,,,,,,,,,,,,,,,,,,,,,,,,,,,,,,,,,,,,,,,,,,,,,,,,,,,,S庫
,T_018,,,上行,test_C_01,22:32:40,,22:42:40,,S庫,,,,22:50:40,,,,,,,,,,,,,,,,,,,,,,,,,,,,,,,,,,,,,,,,,,,,,,,,,,,,,,,,,,,,,,,,,,,,,,,,,,,,,,,,,,,,,,,,,,,,,,,,,,,,,,,,,,,,,,,,,,,,,,,,,,,,,,,,,,,,,,,,,,,,,,,,,,,,,,,,,,,,,,,,,,,,,,,,,,,,,,,,,,,,,,,,,,,,,,,,,,,,,,,,,,,,,,,,,,,,,,,,,,,,,,,,,,,,,,,,,,,,,,,,,,,,,,,,,,,,,,,,,,,,,,,,,,,,,,,,,,,,,,,,,,,,,,,,,,,,,,,,,,,,,,,,,,,,,,,,,,,,,,,,,,,,,,,,,,,,,,,,,,,,,,,,,,,,,,,,,,,,,,,,,,,,,,,,,,,,,,,,,,,,,,,,,,,,,,,,,,,,,22:50:40
