編號,車輛資訊,初始出發地,運用1,,,,,,運用2,,,,,,運用3,,,,,,運用4,,,,,,運用5,,,,,,運用6,,,,,,運用7,,,,,,運用8,,,,,,運用9,,,,,,運用10,,,,,,運用11,,,,,,運用12,,,,,,運用13,,,,,,運用14,,,,,,運用15,,,,,,運用16,,,,,,運用17,,,,,,運用18,,,,,,運用19,,,,,,運用20,,,,,,運用21,,,,,,運用22,,,,,,運用23,,,,,,運用24,,,,,,運用25,,,,,,運用26,,,,,,運用27,,,,,,運用28,,,,,,運用29,,,,,,運用30,,,,,,運用31,,,,,,運用32,,,,,,運用33,,,,,,運用34,,,,,,運用35,,,,,,運用36,,,,,,運用37,,,,,,運用38,,,,,,運用39,,,,,,運用40,,,,,,運用41,,,,,,運用42,,,,,,運用43,,,,,,運用44,,,,,,運用45,,,,,,運用46,,,,,,運用47,,,,,,運用48,,,,,,運用49,,,,,,運用50,,,,,,運用51,,,,,,運用52,,,,,,運用53,,,,,,運用54,,,,,,運用55,,,,,,運用56,,,,,,運用57,,,,,,運用58,,,,,,運用59,,,,,,運用60,,,,,,運用61,,,,,,運用62,,,,,,運用63,,,,,,運用64,,,,,,運用65,,,,,,運用66,,,,,,運用67,,,,,,運用68,,,,,,運用69,,,,,,運用70,,,,,,運用71,,,,,,運用72,,,,,,運用73,,,,,,運用74,,,,,,運用75,,,,,,運用76,,,,,,運用77,,,,,,運用78,,,,,,運用79,,,,,,運用80,,,,,,運用81,,,,,,運用82,,,,,,運用83,,,,,,運用84,,,,,,收班停留地
1,一般列車,S,1,回送,1501,S,>,O,2,入庫,,,>,O暫留線,3,test_C,3544,O,>,S,4,入庫,,,>,S庫,,,,,,,,,,,,,,,,,,,,,,,,,,,,,,,,,,,,,,,,,,,,,,,,,,,,,,,,,,,,,,,,,,,,,,,,,,,,,,,,,,,,,,,,,,,,,,,,,,,,,,,,,,,,,,,,,,,,,,,,,,,,,,,,,,,,,,,,,,,,,,,,,,,,,,,,,,,,,,,,,,,,,,,,,,,,,,,,,,,,,,,,,,,,,,,,,,,,,,,,,,,,,,,,,,,,,,,,,,,,,,,,,,,,,,,,,,,,,,,,,,,,,,,,,,,,,,,,,,,,,,,,,,,,,,,,,,,,,,,,,,,,,,,,,,,,,,,,,,,,,,,,,,,,,,,,,,,,,,,,,,,,,,,,,,,,,,,,,,,,,,,,,,,,,,,,,,,,,,,,,,,,,,,,,,,,,,,,,,,,,,,,,,,,,,,,,,,,,,,,,,,,,,,,,,,,,,,,,,,,,,,,,,,,,,,,,,,,,,,,,,,,,,,,,,,,,,,,,,,,,,,,,,,,,,,,,,,,,,,,,S庫
,T_001,,,,,03:06:30,,03:13:00,,O暫留線,,,,03:13:00,,上行,test_C_00,05:10:20,,05:18:20,,S庫,,,,05:26:20,,,,,,,,,,,,,,,,,,,,,,,,,,,,,,,,,,,,,,,,,,,,,,,,,,,,,,,,,,,,,,,,,,,,,,,,,,,,,,,,,,,,,,,,,,,,,,,,,,,,,,,,,,,,,,,,,,,,,,,,,,,,,,,,,,,,,,,,,,,,,,,,,,,,,,,,,,,,,,,,,,,,,,,,,,,,,,,,,,,,,,,,,,,,,,,,,,,,,,,,,,,,,,,,,,,,,,,,,,,,,,,,,,,,,,,,,,,,,,,,,,,,,,,,,,,,,,,,,,,,,,,,,,,,,,,,,,,,,,,,,,,,,,,,,,,,,,,,,,,,,,,,,,,,,,,,,,,,,,,,,,,,,,,,,,,,,,,,,,,,,,,,,,,,,,,,,,,,,,,,,,,,,,,,,,,,,,,,,,,,,,,,,,,,,,,,,,,,,,,,,,,,,,,,,,,,,,,,,,,,,,,,,,,,,,,,,,,,,,,,,,,,,,,,,,,,,,,,,,,,,,,,,,,,,,,,,,,,,,,,,05:26:20
2,一般列車,A,1,回送,1580,A,>,Z,2,入庫,,,>,Z暫留線,3,test_B,2509,Z,>,A,4,test_B,1512,A,>,Z,5,入庫,,,>,Z暫留線,6,test_B,2513,Z,>,A,7,test_B,3516,A,>,Z,8,test_B,1517,Z,>,A,9,test_B,2518,A,>,Z,10,入庫,,,>,Z暫留線,11,test_B,2519,Z,>,A,12,test_B,1522,A,>,Z,13,入庫,,,>,Z暫留線,14,test_B,2523,Z,>,A,15,test_B,3526,A,>,Z,16,test_B,1527,Z,>,A,17,test_B,2528,A,>,Z,18,test_B,3529,Z,>,A,19,入庫,,,>,A庫,20,test_B,3532,A,>,Z,21,test_B,1533,Z,>,A,22,test_B,2534,A,>,Z,23,test_B,3535,Z,>,A,24,入庫,,,>,A庫,25,test_B,3538,A,>,Z,26,test_B,1539,Z,>,A,27,test_B,2540,A,>,Z,28,test_B,3541,Z,>,A,29,入庫,,,>,A庫,30,test_B,3544,A,>,Z,31,test_B,1545,Z,>,A,32,test_B,2546,A,>,Z,33,test_B,3547,Z,>,A,34,入庫,,,>,A庫,35,test_B,3550,A,>,Z,36,test_B,1551,Z,>,A,37,test_B,2552,A,>,Z,38,test_B,3553,Z,>,A,39,入庫,,,>,A庫,40,test_B,3556,A,>,Z,41,test_B,1557,Z,>,A,42,test_B,2558,A,>,Z,43,test_B,3559,Z,>,A,44,入庫,,,>,A庫,45,test_B,3562,A,>,Z,46,test_B,1563,Z,>,A,47,test_B,2564,A,>,Z,48,test_B,3565,Z,>,A,49,入庫,,,>,A庫,50,test_B,3568,A,>,Z,51,test_B,1569,Z,>,A,52,test_B,2570,A,>,Z,53,test_B,3571,Z,>,A,54,入庫,,,>,A庫,55,test_B,3574,A,>,Z,56,test_B,1575,Z,>,A,57,test_B,2576,A,>,Z,58,test_B,2577,Z,>,A,59,入庫,,,>,A庫,60,test_B,2580,A,>,Z,61,入庫,,,>,Z暫留線,62,test_B,2581,Z,>,A,63,入庫,,,>,A庫,64,test_B,3584,A,>,Z,65,入庫,,,>,Z暫留線,66,回送,1579,Z,>,A,67,入庫,,,>,A庫,,,,,,,,,,,,,,,,,,,,,,,,,,,,,,,,,,,,,,,,,,,,,,,,,,,,,,,,,,,,,,,,,,,,,,,,,,,,,,,,,,,,,,,,,,,,,,,,,,,,,,,A庫
,T_001,,,,,03:11:55,,03:23:25,,Z暫留線,,,,03:23:25,,下行,test_B_501,05:22:30,,05:36:30,,上行,test_B_02,05:40:45,,05:52:45,,Z暫留線,,,,05:58:45,,下行,test_B_501,06:22:30,,06:36:30,,上行,test_B_00,06:45:00,,07:03:00,,下行,test_B_502,07:07:30,,07:19:30,,上行,test_B_01,07:25:40,,07:39:40,,Z暫留線,,,,07:45:40,,下行,test_B_501,07:52:30,,08:06:30,,上行,test_B_02,08:10:45,,08:22:45,,Z暫留線,,,,08:28:45,,下行,test_B_501,08:52:30,,09:06:30,,上行,test_B_00,09:15:00,,09:33:00,,下行,test_B_502,09:37:30,,09:49:30,,上行,test_B_01,09:55:40,,10:09:40,,下行,test_B_500,10:15:00,,10:33:00,,A庫,,,,10:41:00,,上行,test_B_00,10:45:00,,11:03:00,,下行,test_B_502,11:07:30,,11:19:30,,上行,test_B_01,11:25:40,,11:39:40,,下行,test_B_500,11:45:00,,12:03:00,,A庫,,,,12:11:00,,上行,test_B_00,12:15:00,,12:33:00,,下行,test_B_502,12:37:30,,12:49:30,,上行,test_B_01,12:55:40,,13:09:40,,下行,test_B_500,13:15:00,,13:33:00,,A庫,,,,13:41:00,,上行,test_B_00,13:45:00,,14:03:00,,下行,test_B_502,14:07:30,,14:19:30,,上行,test_B_01,14:25:40,,14:39:40,,下行,test_B_500,14:45:00,,15:03:00,,A庫,,,,15:11:00,,上行,test_B_00,15:15:00,,15:33:00,,下行,test_B_502,15:37:30,,15:49:30,,上行,test_B_01,15:55:40,,16:09:40,,下行,test_B_500,16:15:00,,16:33:00,,A庫,,,,16:41:00,,上行,test_B_00,16:45:00,,17:03:00,,下行,test_B_502,17:07:30,,17:19:30,,上行,test_B_01,17:25:40,,17:39:40,,下行,test_B_500,17:45:00,,18:03:00,,A庫,,,,18:11:00,,上行,test_B_00,18:15:00,,18:33:00,,下行,test_B_502,18:37:30,,18:49:30,,上行,test_B_01,18:55:40,,19:09:40,,下行,test_B_500,19:15:00,,19:33:00,,A庫,,,,19:41:00,,上行,test_B_00,19:45:00,,20:03:00,,下行,test_B_502,20:07:30,,20:19:30,,上行,test_B_01,20:25:40,,20:39:40,,下行,test_B_500,20:45:00,,21:03:00,,A庫,,,,21:11:00,,上行,test_B_00,21:15:00,,21:33:00,,下行,test_B_502,21:37:30,,21:49:30,,上行,test_B_01,21:55:40,,22:09:40,,下行,test_B_501,22:10:00,,22:24:00,,A庫,,,,22:32:00,,上行,test_B_01,22:53:10,,23:07:10,,Z暫留線,,,,23:13:10,,下行,test_B_501,23:15:00,,23:29:00,,A庫,,,,23:37:00,,上行,test_B_00,23:48:50,,00:06:50,,Z暫留線,,,,00:12:50,,,,00:19:00,,00:30:30,,A庫,,,,00:30:30,,,,,,,,,,,,,,,,,,,,,,,,,,,,,,,,,,,,,,,,,,,,,,,,,,,,,,,,,,,,,,,,,,,,,,,,,,,,,,,,,,,,,,,,,,,,,,,,,,,,,,,00:30:30
3,一般列車,A,1,回送,1580,A,>,J,2,入庫,,,>,J暫留線,3,test_A,3521,J,>,A,4,test_A,3526,A,>,J,5,test_A,1515,J,>,A,6,入庫,,,>,A庫,7,test_A,2580,A,>,J,8,test_C,3898,J,>,S,9,回送,1503,S,>,J,10,回送,1579,J,>,A,11,入庫,,,>,A庫,,,,,,,,,,,,,,,,,,,,,,,,,,,,,,,,,,,,,,,,,,,,,,,,,,,,,,,,,,,,,,,,,,,,,,,,,,,,,,,,,,,,,,,,,,,,,,,,,,,,,,,,,,,,,,,,,,,,,,,,,,,,,,,,,,,,,,,,,,,,,,,,,,,,,,,,,,,,,,,,,,,,,,,,,,,,,,,,,,,,,,,,,,,,,,,,,,,,,,,,,,,,,,,,,,,,,,,,,,,,,,,,,,,,,,,,,,,,,,,,,,,,,,,,,,,,,,,,,,,,,,,,,,,,,,,,,,,,,,,,,,,,,,,,,,,,,,,,,,,,,,,,,,,,,,,,,,,,,,,,,,,,,,,,,,,,,,,,,,,,,,,,,,,,,,,,,,,,,,,,,,,,,,,,,,,,,,,,,,,,,,,,,,,,,,,,,,,,,,,,,,,,,,,,,,,,,,,,,,,,,,,,,,,,,,,,,,,,,,,A庫
,T_001,,,,,03:14:15,,03:27:35,,J暫留線,,,,03:27:35,,下行,test_A_500,05:40:35,,06:05:35,,上行,test_A_00,06:08:15,,06:33:15,,下行,test_A_503,06:39:55,,06:53:55,,A庫,,,,07:01:55,,上行,test_A_02,22:50:00,,23:10:40,,上行,test_C_01,23:12:40,,23:22:40,,,,23:30:40,,23:38:40,,,,23:38:40,,23:52:00,,A庫,,,,23:52:00,,,,,,,,,,,,,,,,,,,,,,,,,,,,,,,,,,,,,,,,,,,,,,,,,,,,,,,,,,,,,,,,,,,,,,,,,,,,,,,,,,,,,,,,,,,,,,,,,,,,,,,,,,,,,,,,,,,,,,,,,,,,,,,,,,,,,,,,,,,,,,,,,,,,,,,,,,,,,,,,,,,,,,,,,,,,,,,,,,,,,,,,,,,,,,,,,,,,,,,,,,,,,,,,,,,,,,,,,,,,,,,,,,,,,,,,,,,,,,,,,,,,,,,,,,,,,,,,,,,,,,,,,,,,,,,,,,,,,,,,,,,,,,,,,,,,,,,,,,,,,,,,,,,,,,,,,,,,,,,,,,,,,,,,,,,,,,,,,,,,,,,,,,,,,,,,,,,,,,,,,,,,,,,,,,,,,,,,,,,,,,,,,,,,,,,,,,,,,,,,,,,,,,,,,,,,,,,,,,,,,,,,,,,,,,,,,,,,,,,23:52:00
4,一般列車,S,1,回送,1507,S,>,O,2,test_C,3542,O,>,S,3,入庫,,,>,S庫,,,,,,,,,,,,,,,,,,,,,,,,,,,,,,,,,,,,,,,,,,,,,,,,,,,,,,,,,,,,,,,,,,,,,,,,,,,,,,,,,,,,,,,,,,,,,,,,,,,,,,,,,,,,,,,,,,,,,,,,,,,,,,,,,,,,,,,,,,,,,,,,,,,,,,,,,,,,,,,,,,,,,,,,,,,,,,,,,,,,,,,,,,,,,,,,,,,,,,,,,,,,,,,,,,,,,,,,,,,,,,,,,,,,,,,,,,,,,,,,,,,,,,,,,,,,,,,,,,,,,,,,,,,,,,,,,,,,,,,,,,,,,,,,,,,,,,,,,,,,,,,,,,,,,,,,,,,,,,,,,,,,,,,,,,,,,,,,,,,,,,,,,,,,,,,,,,,,,,,,,,,,,,,,,,,,,,,,,,,,,,,,,,,,,,,,,,,,,,,,,,,,,,,,,,,,,,,,,,,,,,,,,,,,,,,,,,,,,,,,,,,,,,,,,,,,,,,,,,,,,,,,,,,,,,,,,,,,,,,,,,,,,,,S庫
,T_002,,,,,03:12:30,,03:19:00,,上行,test_C_00,05:04:20,,05:12:20,,S庫,,,,05:20:20,,,,,,,,,,,,,,,,,,,,,,,,,,,,,,,,,,,,,,,,,,,,,,,,,,,,,,,,,,,,,,,,,,,,,,,,,,,,,,,,,,,,,,,,,,,,,,,,,,,,,,,,,,,,,,,,,,,,,,,,,,,,,,,,,,,,,,,,,,,,,,,,,,,,,,,,,,,,,,,,,,,,,,,,,,,,,,,,,,,,,,,,,,,,,,,,,,,,,,,,,,,,,,,,,,,,,,,,,,,,,,,,,,,,,,,,,,,,,,,,,,,,,,,,,,,,,,,,,,,,,,,,,,,,,,,,,,,,,,,,,,,,,,,,,,,,,,,,,,,,,,,,,,,,,,,,,,,,,,,,,,,,,,,,,,,,,,,,,,,,,,,,,,,,,,,,,,,,,,,,,,,,,,,,,,,,,,,,,,,,,,,,,,,,,,,,,,,,,,,,,,,,,,,,,,,,,,,,,,,,,,,,,,,,,,,,,,,,,,,,,,,,,,,,,,,,,,,,,,,,,,,,,,,,,,,,,,,,,,,,,,,,,,,05:20:20
5,一般列車,A,1,回送,1582,A,>,Z,2,入庫,,,>,Z暫留線,3,test_B,1509,Z,>,A,4,test_B,2510,A,>,Z,5,test_B,3511,Z,>,A,6,入庫,,,>,A庫,7,test_B,3514,A,>,Z,8,test_B,1515,Z,>,A,9,test_B,2516,A,>,Z,10,test_B,3517,Z,>,A,11,入庫,,,>,A庫,12,test_B,1526,A,>,Z,13,入庫,,,>,Z暫留線,14,test_B,2527,Z,>,A,15,test_B,1530,A,>,Z,16,入庫,,,>,Z暫留線,17,test_B,2531,Z,>,A,18,test_B,1534,A,>,Z,19,入庫,,,>,Z暫留線,20,test_B,2535,Z,>,A,21,test_B,1538,A,>,Z,22,入庫,,,>,Z暫留線,23,test_B,2539,Z,>,A,24,test_B,1542,A,>,Z,25,入庫,,,>,Z暫留線,26,test_B,2543,Z,>,A,27,test_B,1546,A,>,Z,28,入庫,,,>,Z暫留線,29,test_B,2547,Z,>,A,30,test_B,1550,A,>,Z,31,入庫,,,>,Z暫留線,32,test_B,2551,Z,>,A,33,test_B,1554,A,>,Z,34,入庫,,,>,Z暫留線,35,test_B,2555,Z,>,A,36,test_B,1558,A,>,Z,37,入庫,,,>,Z暫留線,38,test_B,2559,Z,>,A,39,test_B,1562,A,>,Z,40,入庫,,,>,Z暫留線,41,test_B,2563,Z,>,A,42,test_B,1566,A,>,Z,43,入庫,,,>,Z暫留線,44,test_B,2567,Z,>,A,45,test_B,1570,A,>,Z,46,入庫,,,>,Z暫留線,47,test_B,2571,Z,>,A,48,test_B,1574,A,>,Z,49,入庫,,,>,Z暫留線,50,test_B,2575,Z,>,A,51,test_B,3578,A,>,Z,52,入庫,,,>,Z暫留線,53,test_B,3579,Z,>,A,54,入庫,,,>,A庫,55,test_B,3582,A,>,Z,56,入庫,,,>,Z暫留線,57,test_B,2583,Z,>,A,58,入庫,,,>,A庫,,,,,,,,,,,,,,,,,,,,,,,,,,,,,,,,,,,,,,,,,,,,,,,,,,,,,,,,,,,,,,,,,,,,,,,,,,,,,,,,,,,,,,,,,,,,,,,,,,,,,,,,,,,,,,,,,,,,,,,,,,,,,,,,,,,,,,,,,,,,,,,,,,,,,,,,,,,,,A庫
,T_002,,,,,03:17:30,,03:29:00,,Z暫留線,,,,03:29:00,,下行,test_B_502,05:07:30,,05:19:30,,上行,test_B_01,05:25:40,,05:39:40,,下行,test_B_500,05:45:00,,06:03:00,,A庫,,,,06:11:00,,上行,test_B_00,06:15:00,,06:33:00,,下行,test_B_502,06:37:30,,06:49:30,,上行,test_B_01,06:55:40,,07:09:40,,下行,test_B_500,07:15:00,,07:33:00,,A庫,,,,07:41:00,,上行,test_B_02,09:10:45,,09:22:45,,Z暫留線,,,,09:28:45,,下行,test_B_501,09:52:30,,10:06:30,,上行,test_B_02,10:10:45,,10:22:45,,Z暫留線,,,,10:28:45,,下行,test_B_501,10:52:30,,11:06:30,,上行,test_B_02,11:10:45,,11:22:45,,Z暫留線,,,,11:28:45,,下行,test_B_501,11:52:30,,12:06:30,,上行,test_B_02,12:10:45,,12:22:45,,Z暫留線,,,,12:28:45,,下行,test_B_501,12:52:30,,13:06:30,,上行,test_B_02,13:10:45,,13:22:45,,Z暫留線,,,,13:28:45,,下行,test_B_501,13:52:30,,14:06:30,,上行,test_B_02,14:10:45,,14:22:45,,Z暫留線,,,,14:28:45,,下行,test_B_501,14:52:30,,15:06:30,,上行,test_B_02,15:10:45,,15:22:45,,Z暫留線,,,,15:28:45,,下行,test_B_501,15:52:30,,16:06:30,,上行,test_B_02,16:10:45,,16:22:45,,Z暫留線,,,,16:28:45,,下行,test_B_501,16:52:30,,17:06:30,,上行,test_B_02,17:10:45,,17:22:45,,Z暫留線,,,,17:28:45,,下行,test_B_501,17:52:30,,18:06:30,,上行,test_B_02,18:10:45,,18:22:45,,Z暫留線,,,,18:28:45,,下行,test_B_501,18:52:30,,19:06:30,,上行,test_B_02,19:10:45,,19:22:45,,Z暫留線,,,,19:28:45,,下行,test_B_501,19:52:30,,20:06:30,,上行,test_B_02,20:10:45,,20:22:45,,Z暫留線,,,,20:28:45,,下行,test_B_501,20:52:30,,21:06:30,,上行,test_B_02,21:10:45,,21:22:45,,Z暫留線,,,,21:28:45,,下行,test_B_501,21:52:30,,22:06:30,,上行,test_B_00,22:15:00,,22:33:00,,Z暫留線,,,,22:39:00,,下行,test_B_500,22:45:00,,23:03:00,,A庫,,,,23:11:00,,上行,test_B_00,23:18:50,,23:36:50,,Z暫留線,,,,23:42:50,,下行,test_B_501,23:45:00,,23:59:00,,A庫,,,,00:07:00,,,,,,,,,,,,,,,,,,,,,,,,,,,,,,,,,,,,,,,,,,,,,,,,,,,,,,,,,,,,,,,,,,,,,,,,,,,,,,,,,,,,,,,,,,,,,,,,,,,,,,,,,,,,,,,,,,,,,,,,,,,,,,,,,,,,,,,,,,,,,,,,,,,,,,,,,,,,,00:07:00
6,一般列車,A,1,回送,1582,A,>,J,2,入庫,,,>,J暫留線,3,test_A,1509,J,>,A,4,入庫,,,>,A庫,5,test_A,1518,A,>,J,6,test_A,3535,J,>,A,7,test_A,3540,A,>,J,8,入庫,,,>,J暫留線,9,test_A,3545,J,>,A,10,test_A,1526,A,>,J,11,test_A,3551,J,>,A,12,入庫,,,>,A庫,13,test_A,1534,A,>,J,14,test_A,3567,J,>,A,15,test_A,3572,A,>,J,16,入庫,,,>,J暫留線,17,test_A,3577,J,>,A,18,test_A,1542,A,>,J,19,test_A,3583,J,>,A,20,test_A,3588,A,>,J,21,入庫,,,>,J暫留線,22,test_A,3593,J,>,A,23,test_A,1550,A,>,J,24,test_A,3599,J,>,A,25,test_A,3604,A,>,J,26,入庫,,,>,J暫留線,27,test_A,3609,J,>,A,28,test_A,1558,A,>,J,29,test_A,3615,J,>,A,30,test_A,3620,A,>,J,31,入庫,,,>,J暫留線,32,test_A,3625,J,>,A,33,test_A,1566,A,>,J,34,test_A,3631,J,>,A,35,test_A,3636,A,>,J,36,入庫,,,>,J暫留線,37,test_A,3641,J,>,A,38,test_A,1574,A,>,J,39,test_A,3647,J,>,A,40,test_A,3652,A,>,J,41,入庫,,,>,J暫留線,42,test_A,1577,J,>,A,43,test_A,3658,A,>,J,44,test_A,3659,J,>,A,45,test_A,2584,A,>,J,46,test_C,3910,J,>,S,47,回送,1509,S,>,J,48,回送,1583,J,>,A,49,入庫,,,>,A庫,,,,,,,,,,,,,,,,,,,,,,,,,,,,,,,,,,,,,,,,,,,,,,,,,,,,,,,,,,,,,,,,,,,,,,,,,,,,,,,,,,,,,,,,,,,,,,,,,,,,,,,,,,,,,,,,,,,,,,,,,,,,,,,,,,,,,,,,,,,,,,,,,,,,,,,,,,,,,,,,,,,,,,,,,,,,,,,,,,,,,,,,,,,,,,,,,,,,,,,,,,,,,,,,,,,A庫
,T_002,,,,,03:20:35,,03:33:55,,J暫留線,,,,03:33:55,,下行,test_A_503,05:07:30,,05:21:30,,A庫,,,,05:29:30,,上行,test_A_03,07:07:30,,07:21:30,,下行,test_A_500,07:28:10,,07:53:10,,上行,test_A_00,07:53:10,,08:18:10,,J暫留線,,,,08:25:10,,下行,test_A_500,08:40:35,,09:05:35,,上行,test_A_03,09:07:30,,09:21:30,,下行,test_A_500,09:28:10,,09:53:10,,A庫,,,,10:01:10,,上行,test_A_03,11:07:30,,11:21:30,,下行,test_A_500,11:28:10,,11:53:10,,上行,test_A_00,11:53:10,,12:18:10,,J暫留線,,,,12:25:10,,下行,test_A_500,12:40:35,,13:05:35,,上行,test_A_03,13:07:30,,13:21:30,,下行,test_A_500,13:28:10,,13:53:10,,上行,test_A_00,13:53:10,,14:18:10,,J暫留線,,,,14:25:10,,下行,test_A_500,14:40:35,,15:05:35,,上行,test_A_03,15:07:30,,15:21:30,,下行,test_A_500,15:28:10,,15:53:10,,上行,test_A_00,15:53:10,,16:18:10,,J暫留線,,,,16:25:10,,下行,test_A_500,16:40:35,,17:05:35,,上行,test_A_03,17:07:30,,17:21:30,,下行,test_A_500,17:28:10,,17:53:10,,上行,test_A_00,17:53:10,,18:18:10,,J暫留線,,,,18:25:10,,下行,test_A_500,18:40:35,,19:05:35,,上行,test_A_03,19:07:30,,19:21:30,,下行,test_A_500,19:28:10,,19:53:10,,上行,test_A_00,19:53:10,,20:18:10,,J暫留線,,,,20:25:10,,下行,test_A_500,20:40:35,,21:05:35,,上行,test_A_03,21:07:30,,21:21:30,,下行,test_A_500,21:28:10,,21:53:10,,上行,test_A_00,21:53:10,,22:18:10,,J暫留線,,,,22:25:10,,下行,test_A_503,22:30:00,,22:44:00,,上行,test_A_00,22:50:40,,23:15:40,,下行,test_A_500,23:16:10,,23:41:10,,上行,test_A_02,23:45:00,,00:05:40,,上行,test_C_01,00:07:40,,00:17:40,,,,00:26:00,,00:34:00,,,,00:34:00,,00:47:20,,A庫,,,,00:47:20,,,,,,,,,,,,,,,,,,,,,,,,,,,,,,,,,,,,,,,,,,,,,,,,,,,,,,,,,,,,,,,,,,,,,,,,,,,,,,,,,,,,,,,,,,,,,,,,,,,,,,,,,,,,,,,,,,,,,,,,,,,,,,,,,,,,,,,,,,,,,,,,,,,,,,,,,,,,,,,,,,,,,,,,,,,,,,,,,,,,,,,,,,,,,,,,,,,,,,,,,,,,,,,,,,,00:47:20
7,一般列車,S,1,test_C,3545,S,>,J,2,test_A,2509,J,>,A,3,回送,1584,A,>,J,4,回送,1502,J,>,S,5,入庫,,,>,S庫,,,,,,,,,,,,,,,,,,,,,,,,,,,,,,,,,,,,,,,,,,,,,,,,,,,,,,,,,,,,,,,,,,,,,,,,,,,,,,,,,,,,,,,,,,,,,,,,,,,,,,,,,,,,,,,,,,,,,,,,,,,,,,,,,,,,,,,,,,,,,,,,,,,,,,,,,,,,,,,,,,,,,,,,,,,,,,,,,,,,,,,,,,,,,,,,,,,,,,,,,,,,,,,,,,,,,,,,,,,,,,,,,,,,,,,,,,,,,,,,,,,,,,,,,,,,,,,,,,,,,,,,,,,,,,,,,,,,,,,,,,,,,,,,,,,,,,,,,,,,,,,,,,,,,,,,,,,,,,,,,,,,,,,,,,,,,,,,,,,,,,,,,,,,,,,,,,,,,,,,,,,,,,,,,,,,,,,,,,,,,,,,,,,,,,,,,,,,,,,,,,,,,,,,,,,,,,,,,,,,,,,,,,,,,,,,,,,,,,,,,,,,,,,,,,,,,,,,,,,,,,,,,,,,,,,,,,,S庫
,T_003,,,下行,test_C_501,05:15:00,,05:25:00,,下行,test_A_502,05:27:00,,05:47:40,,,,06:05:30,,06:18:50,,,,06:22:30,,06:31:00,,S庫,,,,06:31:00,,,,,,,,,,,,,,,,,,,,,,,,,,,,,,,,,,,,,,,,,,,,,,,,,,,,,,,,,,,,,,,,,,,,,,,,,,,,,,,,,,,,,,,,,,,,,,,,,,,,,,,,,,,,,,,,,,,,,,,,,,,,,,,,,,,,,,,,,,,,,,,,,,,,,,,,,,,,,,,,,,,,,,,,,,,,,,,,,,,,,,,,,,,,,,,,,,,,,,,,,,,,,,,,,,,,,,,,,,,,,,,,,,,,,,,,,,,,,,,,,,,,,,,,,,,,,,,,,,,,,,,,,,,,,,,,,,,,,,,,,,,,,,,,,,,,,,,,,,,,,,,,,,,,,,,,,,,,,,,,,,,,,,,,,,,,,,,,,,,,,,,,,,,,,,,,,,,,,,,,,,,,,,,,,,,,,,,,,,,,,,,,,,,,,,,,,,,,,,,,,,,,,,,,,,,,,,,,,,,,,,,,,,,,,,,,,,,,,,,,,,,,,,,,,,,,,,,,,,,,,,,,,,,,,,,,,,,06:31:00
8,一般列車,A,1,回送,1584,A,>,Z,2,test_B,3509,Z,>,A,3,入庫,,,>,A庫,4,test_B,3512,A,>,Z,5,test_B,1513,Z,>,A,6,test_B,2514,A,>,Z,7,入庫,,,>,Z暫留線,8,test_B,2515,Z,>,A,9,test_B,1518,A,>,Z,10,入庫,,,>,Z暫留線,11,test_B,3519,Z,>,A,12,入庫,,,>,A庫,13,test_B,3522,A,>,Z,14,test_B,1523,Z,>,A,15,test_B,2524,A,>,Z,16,test_B,3525,Z,>,A,17,入庫,,,>,A庫,18,test_B,3528,A,>,Z,19,test_B,1529,Z,>,A,20,test_B,2530,A,>,Z,21,test_B,3531,Z,>,A,22,入庫,,,>,A庫,23,test_B,3534,A,>,Z,24,test_B,1535,Z,>,A,25,test_B,2536,A,>,Z,26,test_B,3537,Z,>,A,27,入庫,,,>,A庫,28,test_B,3540,A,>,Z,29,test_B,1541,Z,>,A,30,test_B,2542,A,>,Z,31,test_B,3543,Z,>,A,32,入庫,,,>,A庫,33,test_B,3546,A,>,Z,34,test_B,1547,Z,>,A,35,test_B,2548,A,>,Z,36,test_B,3549,Z,>,A,37,入庫,,,>,A庫,38,test_B,3552,A,>,Z,39,test_B,1553,Z,>,A,40,test_B,2554,A,>,Z,41,test_B,3555,Z,>,A,42,入庫,,,>,A庫,43,test_B,3558,A,>,Z,44,test_B,1559,Z,>,A,45,test_B,2560,A,>,Z,46,test_B,3561,Z,>,A,47,入庫,,,>,A庫,48,test_B,3564,A,>,Z,49,test_B,1565,Z,>,A,50,test_B,2566,A,>,Z,51,test_B,3567,Z,>,A,52,入庫,,,>,A庫,53,test_B,3570,A,>,Z,54,test_B,1571,Z,>,A,55,test_B,2572,A,>,Z,56,test_B,3573,Z,>,A,57,入庫,,,>,A庫,58,test_B,3576,A,>,Z,59,入庫,,,>,Z暫留線,60,test_B,3577,Z,>,A,61,test_B,1578,A,>,Z,62,test_B,2579,Z,>,A,63,入庫,,,>,A庫,64,test_B,2582,A,>,Z,65,入庫,,,>,Z暫留線,66,test_B,3583,Z,>,A,67,入庫,,,>,A庫,,,,,,,,,,,,,,,,,,,,,,,,,,,,,,,,,,,,,,,,,,,,,,,,,,,,,,,,,,,,,,,,,,,,,,,,,,,,,,,,,,,,,,,,,,,,,,,,,,,,,,,A庫
,T_003,,,,,03:28:50,,03:40:20,,下行,test_B_500,05:15:00,,05:33:00,,A庫,,,,05:41:00,,上行,test_B_00,05:45:00,,06:03:00,,下行,test_B_502,06:07:30,,06:19:30,,上行,test_B_01,06:25:40,,06:39:40,,Z暫留線,,,,06:45:40,,下行,test_B_501,06:52:30,,07:06:30,,上行,test_B_02,07:10:45,,07:22:45,,Z暫留線,,,,07:28:45,,下行,test_B_500,07:45:00,,08:03:00,,A庫,,,,08:11:00,,上行,test_B_00,08:15:00,,08:33:00,,下行,test_B_502,08:37:30,,08:49:30,,上行,test_B_01,08:55:40,,09:09:40,,下行,test_B_500,09:15:00,,09:33:00,,A庫,,,,09:41:00,,上行,test_B_00,09:45:00,,10:03:00,,下行,test_B_502,10:07:30,,10:19:30,,上行,test_B_01,10:25:40,,10:39:40,,下行,test_B_500,10:45:00,,11:03:00,,A庫,,,,11:11:00,,上行,test_B_00,11:15:00,,11:33:00,,下行,test_B_502,11:37:30,,11:49:30,,上行,test_B_01,11:55:40,,12:09:40,,下行,test_B_500,12:15:00,,12:33:00,,A庫,,,,12:41:00,,上行,test_B_00,12:45:00,,13:03:00,,下行,test_B_502,13:07:30,,13:19:30,,上行,test_B_01,13:25:40,,13:39:40,,下行,test_B_500,13:45:00,,14:03:00,,A庫,,,,14:11:00,,上行,test_B_00,14:15:00,,14:33:00,,下行,test_B_502,14:37:30,,14:49:30,,上行,test_B_01,14:55:40,,15:09:40,,下行,test_B_500,15:15:00,,15:33:00,,A庫,,,,15:41:00,,上行,test_B_00,15:45:00,,16:03:00,,下行,test_B_502,16:07:30,,16:19:30,,上行,test_B_01,16:25:40,,16:39:40,,下行,test_B_500,16:45:00,,17:03:00,,A庫,,,,17:11:00,,上行,test_B_00,17:15:00,,17:33:00,,下行,test_B_502,17:37:30,,17:49:30,,上行,test_B_01,17:55:40,,18:09:40,,下行,test_B_500,18:15:00,,18:33:00,,A庫,,,,18:41:00,,上行,test_B_00,18:45:00,,19:03:00,,下行,test_B_502,19:07:30,,19:19:30,,上行,test_B_01,19:25:40,,19:39:40,,下行,test_B_500,19:45:00,,20:03:00,,A庫,,,,20:11:00,,上行,test_B_00,20:15:00,,20:33:00,,下行,test_B_502,20:37:30,,20:49:30,,上行,test_B_01,20:55:40,,21:09:40,,下行,test_B_500,21:15:00,,21:33:00,,A庫,,,,21:41:00,,上行,test_B_00,21:45:00,,22:03:00,,Z暫留線,,,,22:09:00,,下行,test_B_500,22:15:00,,22:33:00,,上行,test_B_02,22:33:15,,22:45:15,,下行,test_B_501,22:50:00,,23:04:00,,A庫,,,,23:12:00,,上行,test_B_01,23:18:10,,23:32:10,,Z暫留線,,,,23:38:10,,下行,test_B_500,23:45:40,,00:03:40,,A庫,,,,00:11:40,,,,,,,,,,,,,,,,,,,,,,,,,,,,,,,,,,,,,,,,,,,,,,,,,,,,,,,,,,,,,,,,,,,,,,,,,,,,,,,,,,,,,,,,,,,,,,,,,,,,,,,00:11:40
9,一般列車,A,1,回送,1586,A,>,J,2,入庫,,,>,J暫留線,3,test_C,3546,J,>,S,,,,,,,,,,,,,,,,,,,,,,,,,,,,,,,,,,,,,,,,,,,,,,,,,,,,,,,,,,,,,,,,,,,,,,,,,,,,,,,,,,,,,,,,,,,,,,,,,,,,,,,,,,,,,,,,,,,,,,,,,,,,,,,,,,,,,,,,,,,,,,,,,,,,,,,,,,,,,,,,,,,,,,,,,,,,,,,,,,,,,,,,,,,,,,,,,,,,,,,,,,,,,,,,,,,,,,,,,,,,,,,,,,,,,,,,,,,,,,,,,,,,,,,,,,,,,,,,,,,,,,,,,,,,,,,,,,,,,,,,,,,,,,,,,,,,,,,,,,,,,,,,,,,,,,,,,,,,,,,,,,,,,,,,,,,,,,,,,,,,,,,,,,,,,,,,,,,,,,,,,,,,,,,,,,,,,,,,,,,,,,,,,,,,,,,,,,,,,,,,,,,,,,,,,,,,,,,,,,,,,,,,,,,,,,,,,,,,,,,,,,,,,,,,,,,,,,,,,,,,,,,,,,,,,,,,,,,,,,,,,,,,,,,前往 A庫 (等待回送)
,T_003,,,,,03:44:15,,03:57:35,,J暫留線,,,,03:57:35,,上行,test_C_01,05:15:00,,05:25:00,,,,,,,,,,,,,,,,,,,,,,,,,,,,,,,,,,,,,,,,,,,,,,,,,,,,,,,,,,,,,,,,,,,,,,,,,,,,,,,,,,,,,,,,,,,,,,,,,,,,,,,,,,,,,,,,,,,,,,,,,,,,,,,,,,,,,,,,,,,,,,,,,,,,,,,,,,,,,,,,,,,,,,,,,,,,,,,,,,,,,,,,,,,,,,,,,,,,,,,,,,,,,,,,,,,,,,,,,,,,,,,,,,,,,,,,,,,,,,,,,,,,,,,,,,,,,,,,,,,,,,,,,,,,,,,,,,,,,,,,,,,,,,,,,,,,,,,,,,,,,,,,,,,,,,,,,,,,,,,,,,,,,,,,,,,,,,,,,,,,,,,,,,,,,,,,,,,,,,,,,,,,,,,,,,,,,,,,,,,,,,,,,,,,,,,,,,,,,,,,,,,,,,,,,,,,,,,,,,,,,,,,,,,,,,,,,,,,,,,,,,,,,,,,,,,,,,,,,,,,,,,,,,,,,,,,,,,,,,,,,,,,,,,05:25:00
10,一般列車,A,1,test_A,1510,A,>,J,2,test_A,3519,J,>,A,3,test_A,3524,A,>,J,4,入庫,,,>,J暫留線,5,test_A,3529,J,>,A,6,入庫,,,>,A庫,7,test_A,3536,A,>,J,8,入庫,,,>,J暫留線,9,test_A,3539,J,>,A,10,入庫,,,>,A庫,,,,,,,,,,,,,,,,,,,,,,,,,,,,,,,,,,,,,,,,,,,,,,,,,,,,,,,,,,,,,,,,,,,,,,,,,,,,,,,,,,,,,,,,,,,,,,,,,,,,,,,,,,,,,,,,,,,,,,,,,,,,,,,,,,,,,,,,,,,,,,,,,,,,,,,,,,,,,,,,,,,,,,,,,,,,,,,,,,,,,,,,,,,,,,,,,,,,,,,,,,,,,,,,,,,,,,,,,,,,,,,,,,,,,,,,,,,,,,,,,,,,,,,,,,,,,,,,,,,,,,,,,,,,,,,,,,,,,,,,,,,,,,,,,,,,,,,,,,,,,,,,,,,,,,,,,,,,,,,,,,,,,,,,,,,,,,,,,,,,,,,,,,,,,,,,,,,,,,,,,,,,,,,,,,,,,,,,,,,,,,,,,,,,,,,,,,,,,,,,,,,,,,,,,,,,,,,,,,,,,,,,,,,,,,,,,,,,,,,,,,,,,A庫
,T_004,,,上行,test_A_03,05:07:30,,05:21:30,,下行,test_A_500,05:28:10,,05:53:10,,上行,test_A_00,05:53:10,,06:18:10,,J暫留線,,,,06:25:10,,下行,test_A_500,06:40:35,,07:05:35,,A庫,,,,07:13:35,,上行,test_A_00,07:23:10,,07:48:10,,J暫留線,,,,07:55:10,,下行,test_A_500,07:58:10,,08:23:10,,A庫,,,,08:31:10,,,,,,,,,,,,,,,,,,,,,,,,,,,,,,,,,,,,,,,,,,,,,,,,,,,,,,,,,,,,,,,,,,,,,,,,,,,,,,,,,,,,,,,,,,,,,,,,,,,,,,,,,,,,,,,,,,,,,,,,,,,,,,,,,,,,,,,,,,,,,,,,,,,,,,,,,,,,,,,,,,,,,,,,,,,,,,,,,,,,,,,,,,,,,,,,,,,,,,,,,,,,,,,,,,,,,,,,,,,,,,,,,,,,,,,,,,,,,,,,,,,,,,,,,,,,,,,,,,,,,,,,,,,,,,,,,,,,,,,,,,,,,,,,,,,,,,,,,,,,,,,,,,,,,,,,,,,,,,,,,,,,,,,,,,,,,,,,,,,,,,,,,,,,,,,,,,,,,,,,,,,,,,,,,,,,,,,,,,,,,,,,,,,,,,,,,,,,,,,,,,,,,,,,,,,,,,,,,,,,,,,,,,,,,,,,,,,,,,,,,,,,,08:31:10
11,一般列車,S,1,回送,1513,S,>,J,2,入庫,,,>,J暫留線,3,test_A,3517,J,>,A,4,test_A,3530,A,>,J,5,test_A,1517,J,>,A,,,,,,,,,,,,,,,,,,,,,,,,,,,,,,,,,,,,,,,,,,,,,,,,,,,,,,,,,,,,,,,,,,,,,,,,,,,,,,,,,,,,,,,,,,,,,,,,,,,,,,,,,,,,,,,,,,,,,,,,,,,,,,,,,,,,,,,,,,,,,,,,,,,,,,,,,,,,,,,,,,,,,,,,,,,,,,,,,,,,,,,,,,,,,,,,,,,,,,,,,,,,,,,,,,,,,,,,,,,,,,,,,,,,,,,,,,,,,,,,,,,,,,,,,,,,,,,,,,,,,,,,,,,,,,,,,,,,,,,,,,,,,,,,,,,,,,,,,,,,,,,,,,,,,,,,,,,,,,,,,,,,,,,,,,,,,,,,,,,,,,,,,,,,,,,,,,,,,,,,,,,,,,,,,,,,,,,,,,,,,,,,,,,,,,,,,,,,,,,,,,,,,,,,,,,,,,,,,,,,,,,,,,,,,,,,,,,,,,,,,,,,,,,,,,,,,,,,,,,,,,,,,,,,,,,,,,,前往 S庫 (等待回送)
,T_004,,,,,03:20:15,,03:28:15,,J暫留線,,,,03:28:15,,下行,test_A_500,05:09:10,,05:34:10,,上行,test_A_00,06:38:15,,07:03:15,,下行,test_A_503,07:09:55,,07:23:55,,,,,,,,,,,,,,,,,,,,,,,,,,,,,,,,,,,,,,,,,,,,,,,,,,,,,,,,,,,,,,,,,,,,,,,,,,,,,,,,,,,,,,,,,,,,,,,,,,,,,,,,,,,,,,,,,,,,,,,,,,,,,,,,,,,,,,,,,,,,,,,,,,,,,,,,,,,,,,,,,,,,,,,,,,,,,,,,,,,,,,,,,,,,,,,,,,,,,,,,,,,,,,,,,,,,,,,,,,,,,,,,,,,,,,,,,,,,,,,,,,,,,,,,,,,,,,,,,,,,,,,,,,,,,,,,,,,,,,,,,,,,,,,,,,,,,,,,,,,,,,,,,,,,,,,,,,,,,,,,,,,,,,,,,,,,,,,,,,,,,,,,,,,,,,,,,,,,,,,,,,,,,,,,,,,,,,,,,,,,,,,,,,,,,,,,,,,,,,,,,,,,,,,,,,,,,,,,,,,,,,,,,,,,,,,,,,,,,,,,,,,,,,,,,,,,,,,,,,,,,,,,,,,,,,,,,,,07:23:55
12,一般列車,A,1,test_B,1510,A,>,Z,2,入庫,,,>,Z暫留線,3,test_B,2511,Z,>,A,4,test_B,1514,A,>,Z,5,入庫,,,>,Z暫留線,6,test_B,3515,Z,>,A,7,入庫,,,>,A庫,8,test_B,3518,A,>,Z,9,test_B,1519,Z,>,A,10,test_B,2520,A,>,Z,11,test_B,3521,Z,>,A,12,入庫,,,>,A庫,13,test_B,3524,A,>,Z,14,test_B,1525,Z,>,A,15,test_B,2526,A,>,Z,16,test_B,3527,Z,>,A,17,入庫,,,>,A庫,18,test_B,3530,A,>,Z,19,test_B,1531,Z,>,A,20,test_B,2532,A,>,Z,21,test_B,3533,Z,>,A,22,入庫,,,>,A庫,23,test_B,3536,A,>,Z,24,test_B,1537,Z,>,A,25,test_B,2538,A,>,Z,26,test_B,3539,Z,>,A,27,入庫,,,>,A庫,28,test_B,3542,A,>,Z,29,test_B,1543,Z,>,A,30,test_B,2544,A,>,Z,31,test_B,3545,Z,>,A,32,入庫,,,>,A庫,33,test_B,3548,A,>,Z,34,test_B,1549,Z,>,A,35,test_B,2550,A,>,Z,36,test_B,3551,Z,>,A,37,入庫,,,>,A庫,38,test_B,3554,A,>,Z,39,test_B,1555,Z,>,A,40,test_B,2556,A,>,Z,41,test_B,3557,Z,>,A,42,入庫,,,>,A庫,43,test_B,3560,A,>,Z,44,test_B,1561,Z,>,A,45,test_B,2562,A,>,Z,46,test_B,3563,Z,>,A,47,入庫,,,>,A庫,48,test_B,3566,A,>,Z,49,test_B,1567,Z,>,A,50,test_B,2568,A,>,Z,51,test_B,3569,Z,>,A,52,入庫,,,>,A庫,53,test_B,3572,A,>,Z,54,test_B,1573,Z,>,A,55,test_B,2574,A,>,Z,56,test_B,3575,Z,>,A,57,入庫,,,>,A庫,,,,,,,,,,,,,,,,,,,,,,,,,,,,,,,,,,,,,,,,,,,,,,,,,,,,,,,,,,,,,,,,,,,,,,,,,,,,,,,,,,,,,,,,,,,,,,,,,,,,,,,,,,,,,,,,,,,,,,,,,,,,,,,,,,,,,,,,,,,,,,,,,,,,,,,,,,,,,,,,,,,A庫
,T_004,,,上行,test_B_02,05:10:45,,05:22:45,,Z暫留線,,,,05:28:45,,下行,test_B_501,05:52:30,,06:06:30,,上行,test_B_02,06:10:45,,06:22:45,,Z暫留線,,,,06:28:45,,下行,test_B_500,06:45:00,,07:03:00,,A庫,,,,07:11:00,,上行,test_B_00,07:15:00,,07:33:00,,下行,test_B_502,07:37:30,,07:49:30,,上行,test_B_01,07:55:40,,08:09:40,,下行,test_B_500,08:15:00,,08:33:00,,A庫,,,,08:41:00,,上行,test_B_00,08:45:00,,09:03:00,,下行,test_B_502,09:07:30,,09:19:30,,上行,test_B_01,09:25:40,,09:39:40,,下行,test_B_500,09:45:00,,10:03:00,,A庫,,,,10:11:00,,上行,test_B_00,10:15:00,,10:33:00,,下行,test_B_502,10:37:30,,10:49:30,,上行,test_B_01,10:55:40,,11:09:40,,下行,test_B_500,11:15:00,,11:33:00,,A庫,,,,11:41:00,,上行,test_B_00,11:45:00,,12:03:00,,下行,test_B_502,12:07:30,,12:19:30,,上行,test_B_01,12:25:40,,12:39:40,,下行,test_B_500,12:45:00,,13:03:00,,A庫,,,,13:11:00,,上行,test_B_00,13:15:00,,13:33:00,,下行,test_B_502,13:37:30,,13:49:30,,上行,test_B_01,13:55:40,,14:09:40,,下行,test_B_500,14:15:00,,14:33:00,,A庫,,,,14:41:00,,上行,test_B_00,14:45:00,,15:03:00,,下行,test_B_502,15:07:30,,15:19:30,,上行,test_B_01,15:25:40,,15:39:40,,下行,test_B_500,15:45:00,,16:03:00,,A庫,,,,16:11:00,,上行,test_B_00,16:15:00,,16:33:00,,下行,test_B_502,16:37:30,,16:49:30,,上行,test_B_01,16:55:40,,17:09:40,,下行,test_B_500,17:15:00,,17:33:00,,A庫,,,,17:41:00,,上行,test_B_00,17:45:00,,18:03:00,,下行,test_B_502,18:07:30,,18:19:30,,上行,test_B_01,18:25:40,,18:39:40,,下行,test_B_500,18:45:00,,19:03:00,,A庫,,,,19:11:00,,上行,test_B_00,19:15:00,,19:33:00,,下行,test_B_502,19:37:30,,19:49:30,,上行,test_B_01,19:55:40,,20:09:40,,下行,test_B_500,20:15:00,,20:33:00,,A庫,,,,20:41:00,,上行,test_B_00,20:45:00,,21:03:00,,下行,test_B_502,21:07:30,,21:19:30,,上行,test_B_01,21:25:40,,21:39:40,,下行,test_B_500,21:45:00,,22:03:00,,A庫,,,,22:11:00,,,,,,,,,,,,,,,,,,,,,,,,,,,,,,,,,,,,,,,,,,,,,,,,,,,,,,,,,,,,,,,,,,,,,,,,,,,,,,,,,,,,,,,,,,,,,,,,,,,,,,,,,,,,,,,,,,,,,,,,,,,,,,,,,,,,,,,,,,,,,,,,,,,,,,,,,,,,,,,,,,,22:11:00
13,一般列車,A,1,test_A,3518,A,>,J,2,test_A,1511,J,>,A,3,入庫,,,>,A庫,4,test_A,1516,A,>,J,5,test_A,3531,J,>,A,6,入庫,,,>,A庫,7,test_A,1520,A,>,J,8,入庫,,,>,J暫留線,9,test_A,3541,J,>,A,10,test_A,1524,A,>,J,11,入庫,,,>,J暫留線,12,test_A,3549,J,>,A,13,test_A,1528,A,>,J,14,test_A,3555,J,>,A,15,入庫,,,>,A庫,16,test_A,1532,A,>,J,17,test_A,3563,J,>,A,18,test_A,3568,A,>,J,19,入庫,,,>,J暫留線,20,test_A,3573,J,>,A,21,test_A,1540,A,>,J,22,test_A,3579,J,>,A,23,test_A,3584,A,>,J,24,入庫,,,>,J暫留線,25,test_A,3589,J,>,A,26,test_A,1548,A,>,J,27,test_A,3595,J,>,A,28,test_A,3600,A,>,J,29,入庫,,,>,J暫留線,30,test_A,3605,J,>,A,31,test_A,1556,A,>,J,32,test_A,3611,J,>,A,33,test_A,3616,A,>,J,34,入庫,,,>,J暫留線,35,test_A,3621,J,>,A,36,test_A,1564,A,>,J,37,test_A,3627,J,>,A,38,test_A,3632,A,>,J,39,入庫,,,>,J暫留線,40,test_A,3637,J,>,A,41,test_A,1572,A,>,J,42,test_A,3643,J,>,A,43,test_A,3648,A,>,J,44,入庫,,,>,J暫留線,45,test_A,3653,J,>,A,46,入庫,,,>,A庫,,,,,,,,,,,,,,,,,,,,,,,,,,,,,,,,,,,,,,,,,,,,,,,,,,,,,,,,,,,,,,,,,,,,,,,,,,,,,,,,,,,,,,,,,,,,,,,,,,,,,,,,,,,,,,,,,,,,,,,,,,,,,,,,,,,,,,,,,,,,,,,,,,,,,,,,,,,,,,,,,,,,,,,,,,,,,,,,,,,,,,,,,,,,,,,,,,,,,,,,,,,,,,,,,,,,,,,,,,,,,,,,,,,,,A庫
,T_005,,,上行,test_A_00,05:08:15,,05:33:15,,下行,test_A_503,05:39:55,,05:53:55,,A庫,,,,06:01:55,,上行,test_A_03,06:37:30,,06:51:30,,下行,test_A_500,06:58:10,,07:23:10,,A庫,,,,07:31:10,,上行,test_A_03,07:37:30,,07:51:30,,J暫留線,,,,07:58:30,,下行,test_A_500,08:10:35,,08:35:35,,上行,test_A_03,08:37:30,,08:51:30,,J暫留線,,,,08:58:30,,下行,test_A_500,09:10:35,,09:35:35,,上行,test_A_03,09:37:30,,09:51:30,,下行,test_A_500,09:58:10,,10:23:10,,A庫,,,,10:31:10,,上行,test_A_03,10:37:30,,10:51:30,,下行,test_A_500,10:58:10,,11:23:10,,上行,test_A_00,11:23:10,,11:48:10,,J暫留線,,,,11:55:10,,下行,test_A_500,12:10:35,,12:35:35,,上行,test_A_03,12:37:30,,12:51:30,,下行,test_A_500,12:58:10,,13:23:10,,上行,test_A_00,13:23:10,,13:48:10,,J暫留線,,,,13:55:10,,下行,test_A_500,14:10:35,,14:35:35,,上行,test_A_03,14:37:30,,14:51:30,,下行,test_A_500,14:58:10,,15:23:10,,上行,test_A_00,15:23:10,,15:48:10,,J暫留線,,,,15:55:10,,下行,test_A_500,16:10:35,,16:35:35,,上行,test_A_03,16:37:30,,16:51:30,,下行,test_A_500,16:58:10,,17:23:10,,上行,test_A_00,17:23:10,,17:48:10,,J暫留線,,,,17:55:10,,下行,test_A_500,18:10:35,,18:35:35,,上行,test_A_03,18:37:30,,18:51:30,,下行,test_A_500,18:58:10,,19:23:10,,上行,test_A_00,19:23:10,,19:48:10,,J暫留線,,,,19:55:10,,下行,test_A_500,20:10:35,,20:35:35,,上行,test_A_03,20:37:30,,20:51:30,,下行,test_A_500,20:58:10,,21:23:10,,上行,test_A_00,21:23:10,,21:48:10,,J暫留線,,,,21:55:10,,下行,test_A_500,22:11:10,,22:36:10,,A庫,,,,22:44:10,,,,,,,,,,,,,,,,,,,,,,,,,,,,,,,,,,,,,,,,,,,,,,,,,,,,,,,,,,,,,,,,,,,,,,,,,,,,,,,,,,,,,,,,,,,,,,,,,,,,,,,,,,,,,,,,,,,,,,,,,,,,,,,,,,,,,,,,,,,,,,,,,,,,,,,,,,,,,,,,,,,,,,,,,,,,,,,,,,,,,,,,,,,,,,,,,,,,,,,,,,,,,,,,,,,,,,,,,,,,,,,,,,,,,22:44:10
14,一般列車,S,1,test_C,3884,J,>,S,2,test_C,3891,S,>,O,3,test_C,3896,O,>,S,4,test_C,3895,S,>,O,5,test_C,3902,O,>,S,6,test_C,3899,S,>,O,7,test_C,3908,O,>,S,8,test_C,3903,S,>,O,9,回送,1517,O,>,J,,,,,,,,,,,,,,,,,,,,,,,,,,,,,,,,,,,,,,,,,,,,,,,,,,,,,,,,,,,,,,,,,,,,,,,,,,,,,,,,,,,,,,,,,,,,,,,,,,,,,,,,,,,,,,,,,,,,,,,,,,,,,,,,,,,,,,,,,,,,,,,,,,,,,,,,,,,,,,,,,,,,,,,,,,,,,,,,,,,,,,,,,,,,,,,,,,,,,,,,,,,,,,,,,,,,,,,,,,,,,,,,,,,,,,,,,,,,,,,,,,,,,,,,,,,,,,,,,,,,,,,,,,,,,,,,,,,,,,,,,,,,,,,,,,,,,,,,,,,,,,,,,,,,,,,,,,,,,,,,,,,,,,,,,,,,,,,,,,,,,,,,,,,,,,,,,,,,,,,,,,,,,,,,,,,,,,,,,,,,,,,,,,,,,,,,,,,,,,,,,,,,,,,,,,,,,,,,,,,,,,,,,,,,,,,,,,,,,,,,,,,,,,,,,,,前往 S庫 (等待回送)
,T_005,,,上行,test_C_01,22:32:40,,22:42:40,,下行,test_C_500,22:47:08,,22:55:08,,上行,test_C_00,22:57:02,,23:05:02,,下行,test_C_500,23:07:30,,23:15:30,,上行,test_C_00,23:23:50,,23:31:50,,下行,test_C_500,23:37:30,,23:45:30,,上行,test_C_00,23:53:50,,00:01:50,,下行,test_C_500,00:07:30,,00:15:30,,,,00:22:30,,00:24:00,,,,,,,,,,,,,,,,,,,,,,,,,,,,,,,,,,,,,,,,,,,,,,,,,,,,,,,,,,,,,,,,,,,,,,,,,,,,,,,,,,,,,,,,,,,,,,,,,,,,,,,,,,,,,,,,,,,,,,,,,,,,,,,,,,,,,,,,,,,,,,,,,,,,,,,,,,,,,,,,,,,,,,,,,,,,,,,,,,,,,,,,,,,,,,,,,,,,,,,,,,,,,,,,,,,,,,,,,,,,,,,,,,,,,,,,,,,,,,,,,,,,,,,,,,,,,,,,,,,,,,,,,,,,,,,,,,,,,,,,,,,,,,,,,,,,,,,,,,,,,,,,,,,,,,,,,,,,,,,,,,,,,,,,,,,,,,,,,,,,,,,,,,,,,,,,,,,,,,,,,,,,,,,,,,,,,,,,,,,,,,,,,,,,,,,,,,,,,,,,,,,,,,,,,,,,,,,,,,,,,,,,,,,,,,,,,,,,,,,,,,,,,,,,,,,00:24:00
15,一般列車,A,1,test_B,3510,A,>,Z,2,test_B,1511,Z,>,A,3,test_B,2512,A,>,Z,4,test_B,3513,Z,>,A,5,test_B,1516,A,>,Z,6,入庫,,,>,Z暫留線,7,test_B,2517,Z,>,A,8,test_B,1520,A,>,Z,9,入庫,,,>,Z暫留線,10,test_B,2521,Z,>,A,11,test_B,1524,A,>,Z,12,入庫,,,>,Z暫留線,13,test_B,2525,Z,>,A,14,test_B,1528,A,>,Z,15,入庫,,,>,Z暫留線,16,test_B,2529,Z,>,A,17,test_B,1532,A,>,Z,18,入庫,,,>,Z暫留線,19,test_B,2533,Z,>,A,20,test_B,1536,A,>,Z,21,入庫,,,>,Z暫留線,22,test_B,2537,Z,>,A,23,test_B,1540,A,>,Z,24,入庫,,,>,Z暫留線,25,test_B,2541,Z,>,A,26,test_B,1544,A,>,Z,27,入庫,,,>,Z暫留線,28,test_B,2545,Z,>,A,29,test_B,1548,A,>,Z,30,入庫,,,>,Z暫留線,31,test_B,2549,Z,>,A,32,test_B,1552,A,>,Z,33,入庫,,,>,Z暫留線,34,test_B,2553,Z,>,A,35,test_B,1556,A,>,Z,36,入庫,,,>,Z暫留線,37,test_B,2557,Z,>,A,38,test_B,1560,A,>,Z,39,入庫,,,>,Z暫留線,40,test_B,2561,Z,>,A,41,test_B,1564,A,>,Z,42,入庫,,,>,Z暫留線,43,test_B,2565,Z,>,A,44,test_B,1568,A,>,Z,45,入庫,,,>,Z暫留線,46,test_B,2569,Z,>,A,47,test_B,1572,A,>,Z,48,入庫,,,>,Z暫留線,49,test_B,2573,Z,>,A,50,test_B,1576,A,>,Z,51,入庫,,,>,Z暫留線,52,回送,1583,Z,>,A,53,test_B,2578,A,>,Z,54,test_B,1577,Z,>,A,55,test_B,3580,A,>,Z,56,入庫,,,>,Z暫留線,57,test_B,3581,Z,>,A,58,入庫,,,>,A庫,59,test_B,2584,A,>,Z,60,入庫,,,>,Z暫留線,61,回送,1581,Z,>,A,62,入庫,,,>,A庫,,,,,,,,,,,,,,,,,,,,,,,,,,,,,,,,,,,,,,,,,,,,,,,,,,,,,,,,,,,,,,,,,,,,,,,,,,,,,,,,,,,,,,,,,,,,,,,,,,,,,,,,,,,,,,,,,,,,,,,,,,,,,,,,,,,,,A庫
,T_005,,,上行,test_B_00,05:15:00,,05:33:00,,下行,test_B_502,05:37:30,,05:49:30,,上行,test_B_01,05:55:40,,06:09:40,,下行,test_B_500,06:15:00,,06:33:00,,上行,test_B_02,06:40:45,,06:52:45,,Z暫留線,,,,06:58:45,,下行,test_B_501,07:22:30,,07:36:30,,上行,test_B_02,07:40:45,,07:52:45,,Z暫留線,,,,07:58:45,,下行,test_B_501,08:22:30,,08:36:30,,上行,test_B_02,08:40:45,,08:52:45,,Z暫留線,,,,08:58:45,,下行,test_B_501,09:22:30,,09:36:30,,上行,test_B_02,09:40:45,,09:52:45,,Z暫留線,,,,09:58:45,,下行,test_B_501,10:22:30,,10:36:30,,上行,test_B_02,10:40:45,,10:52:45,,Z暫留線,,,,10:58:45,,下行,test_B_501,11:22:30,,11:36:30,,上行,test_B_02,11:40:45,,11:52:45,,Z暫留線,,,,11:58:45,,下行,test_B_501,12:22:30,,12:36:30,,上行,test_B_02,12:40:45,,12:52:45,,Z暫留線,,,,12:58:45,,下行,test_B_501,13:22:30,,13:36:30,,上行,test_B_02,13:40:45,,13:52:45,,Z暫留線,,,,13:58:45,,下行,test_B_501,14:22:30,,14:36:30,,上行,test_B_02,14:40:45,,14:52:45,,Z暫留線,,,,14:58:45,,下行,test_B_501,15:22:30,,15:36:30,,上行,test_B_02,15:40:45,,15:52:45,,Z暫留線,,,,15:58:45,,下行,test_B_501,16:22:30,,16:36:30,,上行,test_B_02,16:40:45,,16:52:45,,Z暫留線,,,,16:58:45,,下行,test_B_501,17:22:30,,17:36:30,,上行,test_B_02,17:40:45,,17:52:45,,Z暫留線,,,,17:58:45,,下行,test_B_501,18:22:30,,18:36:30,,上行,test_B_02,18:40:45,,18:52:45,,Z暫留線,,,,18:58:45,,下行,test_B_501,19:22:30,,19:36:30,,上行,test_B_02,19:40:45,,19:52:45,,Z暫留線,,,,19:58:45,,下行,test_B_501,20:22:30,,20:36:30,,上行,test_B_02,20:40:45,,20:52:45,,Z暫留線,,,,20:58:45,,下行,test_B_501,21:22:30,,21:36:30,,上行,test_B_02,21:40:45,,21:52:45,,Z暫留線,,,,21:58:45,,,,22:00:45,,22:12:15,,上行,test_B_01,22:13:10,,22:27:10,,下行,test_B_502,22:30:00,,22:42:00,,上行,test_B_00,22:45:00,,23:03:00,,Z暫留線,,,,23:09:00,,下行,test_B_500,23:15:40,,23:33:40,,A庫,,,,23:41:40,,上行,test_B_01,23:48:10,,00:02:10,,Z暫留線,,,,00:08:10,,,,00:10:10,,00:21:40,,A庫,,,,00:21:40,,,,,,,,,,,,,,,,,,,,,,,,,,,,,,,,,,,,,,,,,,,,,,,,,,,,,,,,,,,,,,,,,,,,,,,,,,,,,,,,,,,,,,,,,,,,,,,,,,,,,,,,,,,,,,,,,,,,,,,,,,,,,,,,,,,,,00:21:40
16,一般列車,A,1,test_A,2510,A,>,J,2,test_C,3552,J,>,S,3,回送,1505,S,>,J,4,回送,1581,J,>,A,5,入庫,,,>,A庫,6,test_B,3520,A,>,Z,7,test_B,1521,Z,>,A,8,test_B,2522,A,>,Z,9,test_B,3523,Z,>,A,10,入庫,,,>,A庫,11,test_A,3552,A,>,J,12,入庫,,,>,J暫留線,13,test_A,3557,J,>,A,14,test_A,3562,A,>,J,15,test_A,1533,J,>,A,16,入庫,,,>,A庫,17,test_A,3570,A,>,J,18,test_A,1537,J,>,A,19,入庫,,,>,A庫,20,test_A,3578,A,>,J,21,test_A,1541,J,>,A,22,入庫,,,>,A庫,23,test_A,3586,A,>,J,24,test_A,1545,J,>,A,25,入庫,,,>,A庫,26,test_A,3594,A,>,J,27,test_A,1549,J,>,A,28,入庫,,,>,A庫,29,test_A,3602,A,>,J,30,test_A,1553,J,>,A,31,入庫,,,>,A庫,32,test_A,3610,A,>,J,33,test_A,1557,J,>,A,34,入庫,,,>,A庫,35,test_A,3618,A,>,J,36,test_A,1561,J,>,A,37,入庫,,,>,A庫,38,test_A,3626,A,>,J,39,test_A,1565,J,>,A,40,入庫,,,>,A庫,41,test_A,3634,A,>,J,42,test_A,1569,J,>,A,43,入庫,,,>,A庫,44,test_A,3642,A,>,J,45,test_A,1573,J,>,A,46,入庫,,,>,A庫,47,test_A,3650,A,>,J,48,test_A,2579,J,>,A,49,test_A,3656,A,>,J,50,入庫,,,>,J暫留線,51,test_A,3661,J,>,A,52,test_A,2586,A,>,J,53,回送,1587,J,>,A,54,入庫,,,>,A庫,,,,,,,,,,,,,,,,,,,,,,,,,,,,,,,,,,,,,,,,,,,,,,,,,,,,,,,,,,,,,,,,,,,,,,,,,,,,,,,,,,,,,,,,,,,,,,,,,,,,,,,,,,,,,,,,,,,,,,,,,,,,,,,,,,,,,,,,,,,,,,,,,,,,,,,,,,,,,,,,,,,,,,,,,,,,,,,,,,,,,A庫
,T_006,,,上行,test_A_02,05:22:30,,05:43:10,,上行,test_C_01,05:45:10,,05:55:10,,,,06:06:30,,06:14:30,,,,06:15:35,,06:28:55,,A庫,,,,06:28:55,,上行,test_B_00,07:45:00,,08:03:00,,下行,test_B_502,08:07:30,,08:19:30,,上行,test_B_01,08:25:40,,08:39:40,,下行,test_B_500,08:45:00,,09:03:00,,A庫,,,,09:11:00,,上行,test_A_00,09:23:10,,09:48:10,,J暫留線,,,,09:55:10,,下行,test_A_500,10:10:35,,10:35:35,,上行,test_A_00,10:38:15,,11:03:15,,下行,test_A_503,11:09:55,,11:23:55,,A庫,,,,11:31:55,,上行,test_A_00,11:38:15,,12:03:15,,下行,test_A_503,12:09:55,,12:23:55,,A庫,,,,12:31:55,,上行,test_A_00,12:38:15,,13:03:15,,下行,test_A_503,13:09:55,,13:23:55,,A庫,,,,13:31:55,,上行,test_A_00,13:38:15,,14:03:15,,下行,test_A_503,14:09:55,,14:23:55,,A庫,,,,14:31:55,,上行,test_A_00,14:38:15,,15:03:15,,下行,test_A_503,15:09:55,,15:23:55,,A庫,,,,15:31:55,,上行,test_A_00,15:38:15,,16:03:15,,下行,test_A_503,16:09:55,,16:23:55,,A庫,,,,16:31:55,,上行,test_A_00,16:38:15,,17:03:15,,下行,test_A_503,17:09:55,,17:23:55,,A庫,,,,17:31:55,,上行,test_A_00,17:38:15,,18:03:15,,下行,test_A_503,18:09:55,,18:23:55,,A庫,,,,18:31:55,,上行,test_A_00,18:38:15,,19:03:15,,下行,test_A_503,19:09:55,,19:23:55,,A庫,,,,19:31:55,,上行,test_A_00,19:38:15,,20:03:15,,下行,test_A_503,20:09:55,,20:23:55,,A庫,,,,20:31:55,,上行,test_A_00,20:38:15,,21:03:15,,下行,test_A_503,21:09:55,,21:23:55,,A庫,,,,21:31:55,,上行,test_A_00,21:38:15,,22:03:15,,下行,test_A_502,22:10:00,,22:30:40,,上行,test_A_00,22:30:45,,22:55:45,,J暫留線,,,,23:02:45,,下行,test_A_500,23:46:10,,00:11:10,,上行,test_A_02,00:15:00,,00:35:40,,,,00:43:40,,00:57:00,,A庫,,,,00:57:00,,,,,,,,,,,,,,,,,,,,,,,,,,,,,,,,,,,,,,,,,,,,,,,,,,,,,,,,,,,,,,,,,,,,,,,,,,,,,,,,,,,,,,,,,,,,,,,,,,,,,,,,,,,,,,,,,,,,,,,,,,,,,,,,,,,,,,,,,,,,,,,,,,,,,,,,,,,,,,,,,,,,,,,,,,,,,,,,,,,,,00:57:00
17,一般列車,S,1,test_C,3541,S,>,O,2,入庫,,,>,O暫留線,3,test_C,3550,O,>,S,4,入庫,,,>,S庫,,,,,,,,,,,,,,,,,,,,,,,,,,,,,,,,,,,,,,,,,,,,,,,,,,,,,,,,,,,,,,,,,,,,,,,,,,,,,,,,,,,,,,,,,,,,,,,,,,,,,,,,,,,,,,,,,,,,,,,,,,,,,,,,,,,,,,,,,,,,,,,,,,,,,,,,,,,,,,,,,,,,,,,,,,,,,,,,,,,,,,,,,,,,,,,,,,,,,,,,,,,,,,,,,,,,,,,,,,,,,,,,,,,,,,,,,,,,,,,,,,,,,,,,,,,,,,,,,,,,,,,,,,,,,,,,,,,,,,,,,,,,,,,,,,,,,,,,,,,,,,,,,,,,,,,,,,,,,,,,,,,,,,,,,,,,,,,,,,,,,,,,,,,,,,,,,,,,,,,,,,,,,,,,,,,,,,,,,,,,,,,,,,,,,,,,,,,,,,,,,,,,,,,,,,,,,,,,,,,,,,,,,,,,,,,,,,,,,,,,,,,,,,,,,,,,,,,,,,,,,,,,,,,,,,,,,,,,,,,,,S庫
,T_006,,,下行,test_C_500,05:03:00,,05:11:00,,O暫留線,,,,05:21:00,,上行,test_C_00,05:28:20,,05:36:20,,S庫,,,,05:44:20,,,,,,,,,,,,,,,,,,,,,,,,,,,,,,,,,,,,,,,,,,,,,,,,,,,,,,,,,,,,,,,,,,,,,,,,,,,,,,,,,,,,,,,,,,,,,,,,,,,,,,,,,,,,,,,,,,,,,,,,,,,,,,,,,,,,,,,,,,,,,,,,,,,,,,,,,,,,,,,,,,,,,,,,,,,,,,,,,,,,,,,,,,,,,,,,,,,,,,,,,,,,,,,,,,,,,,,,,,,,,,,,,,,,,,,,,,,,,,,,,,,,,,,,,,,,,,,,,,,,,,,,,,,,,,,,,,,,,,,,,,,,,,,,,,,,,,,,,,,,,,,,,,,,,,,,,,,,,,,,,,,,,,,,,,,,,,,,,,,,,,,,,,,,,,,,,,,,,,,,,,,,,,,,,,,,,,,,,,,,,,,,,,,,,,,,,,,,,,,,,,,,,,,,,,,,,,,,,,,,,,,,,,,,,,,,,,,,,,,,,,,,,,,,,,,,,,,,,,,,,,,,,,,,,,,,,,,,,,,,,05:44:20
18,一般列車,A,1,test_A,3520,A,>,J,2,入庫,,,>,J暫留線,3,test_A,3523,J,>,A,4,test_A,3528,A,>,J,5,入庫,,,>,J暫留線,6,test_A,3533,J,>,A,7,入庫,,,>,A庫,8,test_A,3544,A,>,J,9,入庫,,,>,J暫留線,10,test_A,3547,J,>,A,11,入庫,,,>,A庫,12,test_A,3554,A,>,J,13,test_A,1529,J,>,A,14,入庫,,,>,A庫,15,test_A,1578,A,>,J,16,test_A,3657,J,>,A,17,test_A,2582,A,>,J,18,test_C,3904,J,>,S,19,回送,1511,S,>,J,20,回送,1585,J,>,A,21,入庫,,,>,A庫,,,,,,,,,,,,,,,,,,,,,,,,,,,,,,,,,,,,,,,,,,,,,,,,,,,,,,,,,,,,,,,,,,,,,,,,,,,,,,,,,,,,,,,,,,,,,,,,,,,,,,,,,,,,,,,,,,,,,,,,,,,,,,,,,,,,,,,,,,,,,,,,,,,,,,,,,,,,,,,,,,,,,,,,,,,,,,,,,,,,,,,,,,,,,,,,,,,,,,,,,,,,,,,,,,,,,,,,,,,,,,,,,,,,,,,,,,,,,,,,,,,,,,,,,,,,,,,,,,,,,,,,,,,,,,,,,,,,,,,,,,,,,,,,,,,,,,,,,,,,,,,,,,,,,,,,,,,,,,,,,,,,,,,,,,,,,,,,,,,,,,,,,,,,,,,,,,,,,,,,,,,,,,,,,,,,,,,,,,,A庫
,T_007,,,上行,test_A_00,05:23:10,,05:48:10,,J暫留線,,,,05:55:10,,下行,test_A_500,05:58:10,,06:23:10,,上行,test_A_00,06:23:10,,06:48:10,,J暫留線,,,,06:55:10,,下行,test_A_500,07:10:35,,07:35:35,,A庫,,,,07:43:35,,上行,test_A_00,08:23:10,,08:48:10,,J暫留線,,,,08:55:10,,下行,test_A_500,08:58:10,,09:23:10,,A庫,,,,09:31:10,,上行,test_A_00,09:38:15,,10:03:15,,下行,test_A_503,10:09:55,,10:23:55,,A庫,,,,10:31:55,,上行,test_A_03,22:30:00,,22:44:00,,下行,test_A_500,22:50:00,,23:15:00,,上行,test_A_02,23:15:00,,23:35:40,,上行,test_C_01,23:37:40,,23:47:40,,,,23:56:00,,00:04:00,,,,00:04:00,,00:17:20,,A庫,,,,00:17:20,,,,,,,,,,,,,,,,,,,,,,,,,,,,,,,,,,,,,,,,,,,,,,,,,,,,,,,,,,,,,,,,,,,,,,,,,,,,,,,,,,,,,,,,,,,,,,,,,,,,,,,,,,,,,,,,,,,,,,,,,,,,,,,,,,,,,,,,,,,,,,,,,,,,,,,,,,,,,,,,,,,,,,,,,,,,,,,,,,,,,,,,,,,,,,,,,,,,,,,,,,,,,,,,,,,,,,,,,,,,,,,,,,,,,,,,,,,,,,,,,,,,,,,,,,,,,,,,,,,,,,,,,,,,,,,,,,,,,,,,,,,,,,,,,,,,,,,,,,,,,,,,,,,,,,,,,,,,,,,,,,,,,,,,,,,,,,,,,,,,,,,,,,,,,,,,,,,,,,,,,,,,,,,,,,,,,,,,,,,00:17:20
19,一般列車,S,1,test_C,3547,S,>,O,2,test_C,3554,O,>,S,3,入庫,,,>,S庫,,,,,,,,,,,,,,,,,,,,,,,,,,,,,,,,,,,,,,,,,,,,,,,,,,,,,,,,,,,,,,,,,,,,,,,,,,,,,,,,,,,,,,,,,,,,,,,,,,,,,,,,,,,,,,,,,,,,,,,,,,,,,,,,,,,,,,,,,,,,,,,,,,,,,,,,,,,,,,,,,,,,,,,,,,,,,,,,,,,,,,,,,,,,,,,,,,,,,,,,,,,,,,,,,,,,,,,,,,,,,,,,,,,,,,,,,,,,,,,,,,,,,,,,,,,,,,,,,,,,,,,,,,,,,,,,,,,,,,,,,,,,,,,,,,,,,,,,,,,,,,,,,,,,,,,,,,,,,,,,,,,,,,,,,,,,,,,,,,,,,,,,,,,,,,,,,,,,,,,,,,,,,,,,,,,,,,,,,,,,,,,,,,,,,,,,,,,,,,,,,,,,,,,,,,,,,,,,,,,,,,,,,,,,,,,,,,,,,,,,,,,,,,,,,,,,,,,,,,,,,,,,,,,,,,,,,,,,,,,,,,,,,,,S庫
,T_007,,,下行,test_C_500,05:21:00,,05:29:00,,上行,test_C_00,05:34:20,,05:42:20,,S庫,,,,05:50:20,,,,,,,,,,,,,,,,,,,,,,,,,,,,,,,,,,,,,,,,,,,,,,,,,,,,,,,,,,,,,,,,,,,,,,,,,,,,,,,,,,,,,,,,,,,,,,,,,,,,,,,,,,,,,,,,,,,,,,,,,,,,,,,,,,,,,,,,,,,,,,,,,,,,,,,,,,,,,,,,,,,,,,,,,,,,,,,,,,,,,,,,,,,,,,,,,,,,,,,,,,,,,,,,,,,,,,,,,,,,,,,,,,,,,,,,,,,,,,,,,,,,,,,,,,,,,,,,,,,,,,,,,,,,,,,,,,,,,,,,,,,,,,,,,,,,,,,,,,,,,,,,,,,,,,,,,,,,,,,,,,,,,,,,,,,,,,,,,,,,,,,,,,,,,,,,,,,,,,,,,,,,,,,,,,,,,,,,,,,,,,,,,,,,,,,,,,,,,,,,,,,,,,,,,,,,,,,,,,,,,,,,,,,,,,,,,,,,,,,,,,,,,,,,,,,,,,,,,,,,,,,,,,,,,,,,,,,,,,,,,,,,,,,05:50:20
20,一般列車,A,1,test_A,1512,A,>,J,2,入庫,,,>,J暫留線,3,test_A,3525,J,>,A,4,入庫,,,>,A庫,5,test_A,3538,A,>,J,6,test_A,1521,J,>,A,7,入庫,,,>,A庫,8,test_A,3546,A,>,J,9,test_A,1525,J,>,A,10,入庫,,,>,A庫,11,test_A,3556,A,>,J,12,入庫,,,>,J暫留線,13,test_A,3561,J,>,A,14,test_A,3566,A,>,J,15,test_A,1535,J,>,A,16,入庫,,,>,A庫,17,test_A,3574,A,>,J,18,test_A,1539,J,>,A,19,入庫,,,>,A庫,20,test_A,3582,A,>,J,21,test_A,1543,J,>,A,22,入庫,,,>,A庫,23,test_A,3590,A,>,J,24,test_A,1547,J,>,A,25,入庫,,,>,A庫,26,test_A,3598,A,>,J,27,test_A,1551,J,>,A,28,入庫,,,>,A庫,29,test_A,3606,A,>,J,30,test_A,1555,J,>,A,31,入庫,,,>,A庫,32,test_A,3614,A,>,J,33,test_A,1559,J,>,A,34,入庫,,,>,A庫,35,test_A,3622,A,>,J,36,test_A,1563,J,>,A,37,入庫,,,>,A庫,38,test_A,3630,A,>,J,39,test_A,1567,J,>,A,40,入庫,,,>,A庫,41,test_A,3638,A,>,J,42,test_A,1571,J,>,A,43,入庫,,,>,A庫,44,test_A,3646,A,>,J,45,test_A,1575,J,>,A,46,入庫,,,>,A庫,47,test_A,3654,A,>,J,48,入庫,,,>,J暫留線,49,test_A,2581,J,>,A,50,入庫,,,>,A庫,51,test_A,3662,A,>,J,52,test_A,2585,J,>,A,53,入庫,,,>,A庫,,,,,,,,,,,,,,,,,,,,,,,,,,,,,,,,,,,,,,,,,,,,,,,,,,,,,,,,,,,,,,,,,,,,,,,,,,,,,,,,,,,,,,,,,,,,,,,,,,,,,,,,,,,,,,,,,,,,,,,,,,,,,,,,,,,,,,,,,,,,,,,,,,,,,,,,,,,,,,,,,,,,,,,,,,,,,,,,,,,,,,,,,,,A庫
,T_008,,,上行,test_A_03,05:37:30,,05:51:30,,J暫留線,,,,05:58:30,,下行,test_A_500,06:10:35,,06:35:35,,A庫,,,,06:43:35,,上行,test_A_00,07:38:15,,08:03:15,,下行,test_A_503,08:09:55,,08:23:55,,A庫,,,,08:31:55,,上行,test_A_00,08:38:15,,09:03:15,,下行,test_A_503,09:09:55,,09:23:55,,A庫,,,,09:31:55,,上行,test_A_00,09:53:10,,10:18:10,,J暫留線,,,,10:25:10,,下行,test_A_500,10:40:35,,11:05:35,,上行,test_A_00,11:08:15,,11:33:15,,下行,test_A_503,11:39:55,,11:53:55,,A庫,,,,12:01:55,,上行,test_A_00,12:08:15,,12:33:15,,下行,test_A_503,12:39:55,,12:53:55,,A庫,,,,13:01:55,,上行,test_A_00,13:08:15,,13:33:15,,下行,test_A_503,13:39:55,,13:53:55,,A庫,,,,14:01:55,,上行,test_A_00,14:08:15,,14:33:15,,下行,test_A_503,14:39:55,,14:53:55,,A庫,,,,15:01:55,,上行,test_A_00,15:08:15,,15:33:15,,下行,test_A_503,15:39:55,,15:53:55,,A庫,,,,16:01:55,,上行,test_A_00,16:08:15,,16:33:15,,下行,test_A_503,16:39:55,,16:53:55,,A庫,,,,17:01:55,,上行,test_A_00,17:08:15,,17:33:15,,下行,test_A_503,17:39:55,,17:53:55,,A庫,,,,18:01:55,,上行,test_A_00,18:08:15,,18:33:15,,下行,test_A_503,18:39:55,,18:53:55,,A庫,,,,19:01:55,,上行,test_A_00,19:08:15,,19:33:15,,下行,test_A_503,19:39:55,,19:53:55,,A庫,,,,20:01:55,,上行,test_A_00,20:08:15,,20:33:15,,下行,test_A_503,20:39:55,,20:53:55,,A庫,,,,21:01:55,,上行,test_A_00,21:08:15,,21:33:15,,下行,test_A_503,21:39:55,,21:53:55,,A庫,,,,22:01:55,,上行,test_A_00,22:10:40,,22:35:40,,J暫留線,,,,22:42:40,,下行,test_A_502,23:15:00,,23:35:40,,A庫,,,,23:43:40,,上行,test_A_00,23:45:40,,00:10:40,,下行,test_A_502,00:15:00,,00:35:40,,A庫,,,,00:43:40,,,,,,,,,,,,,,,,,,,,,,,,,,,,,,,,,,,,,,,,,,,,,,,,,,,,,,,,,,,,,,,,,,,,,,,,,,,,,,,,,,,,,,,,,,,,,,,,,,,,,,,,,,,,,,,,,,,,,,,,,,,,,,,,,,,,,,,,,,,,,,,,,,,,,,,,,,,,,,,,,,,,,,,,,,,,,,,,,,,,,,,,,,,00:43:40
21,一般列車,S,1,test_C,3549,S,>,O,2,test_C,3556,O,>,S,3,入庫,,,>,S庫,,,,,,,,,,,,,,,,,,,,,,,,,,,,,,,,,,,,,,,,,,,,,,,,,,,,,,,,,,,,,,,,,,,,,,,,,,,,,,,,,,,,,,,,,,,,,,,,,,,,,,,,,,,,,,,,,,,,,,,,,,,,,,,,,,,,,,,,,,,,,,,,,,,,,,,,,,,,,,,,,,,,,,,,,,,,,,,,,,,,,,,,,,,,,,,,,,,,,,,,,,,,,,,,,,,,,,,,,,,,,,,,,,,,,,,,,,,,,,,,,,,,,,,,,,,,,,,,,,,,,,,,,,,,,,,,,,,,,,,,,,,,,,,,,,,,,,,,,,,,,,,,,,,,,,,,,,,,,,,,,,,,,,,,,,,,,,,,,,,,,,,,,,,,,,,,,,,,,,,,,,,,,,,,,,,,,,,,,,,,,,,,,,,,,,,,,,,,,,,,,,,,,,,,,,,,,,,,,,,,,,,,,,,,,,,,,,,,,,,,,,,,,,,,,,,,,,,,,,,,,,,,,,,,,,,,,,,,,,,,,,,,,,,S庫
,T_008,,,下行,test_C_500,05:27:00,,05:35:00,,上行,test_C_00,05:40:20,,05:48:20,,S庫,,,,05:56:20,,,,,,,,,,,,,,,,,,,,,,,,,,,,,,,,,,,,,,,,,,,,,,,,,,,,,,,,,,,,,,,,,,,,,,,,,,,,,,,,,,,,,,,,,,,,,,,,,,,,,,,,,,,,,,,,,,,,,,,,,,,,,,,,,,,,,,,,,,,,,,,,,,,,,,,,,,,,,,,,,,,,,,,,,,,,,,,,,,,,,,,,,,,,,,,,,,,,,,,,,,,,,,,,,,,,,,,,,,,,,,,,,,,,,,,,,,,,,,,,,,,,,,,,,,,,,,,,,,,,,,,,,,,,,,,,,,,,,,,,,,,,,,,,,,,,,,,,,,,,,,,,,,,,,,,,,,,,,,,,,,,,,,,,,,,,,,,,,,,,,,,,,,,,,,,,,,,,,,,,,,,,,,,,,,,,,,,,,,,,,,,,,,,,,,,,,,,,,,,,,,,,,,,,,,,,,,,,,,,,,,,,,,,,,,,,,,,,,,,,,,,,,,,,,,,,,,,,,,,,,,,,,,,,,,,,,,,,,,,,,,,,,,,05:56:20
22,一般列車,A,1,test_A,3522,A,>,J,2,test_A,1513,J,>,A,3,入庫,,,>,A庫,4,test_A,3534,A,>,J,5,test_A,1519,J,>,A,6,入庫,,,>,A庫,7,test_A,3542,A,>,J,8,test_A,1523,J,>,A,9,入庫,,,>,A庫,10,test_A,3550,A,>,J,11,test_A,1527,J,>,A,12,入庫,,,>,A庫,13,test_A,3560,A,>,J,14,入庫,,,>,J暫留線,15,test_A,3565,J,>,A,16,test_A,1536,A,>,J,17,test_A,3571,J,>,A,18,test_A,3576,A,>,J,19,入庫,,,>,J暫留線,20,test_A,3581,J,>,A,21,test_A,1544,A,>,J,22,test_A,3587,J,>,A,23,test_A,3592,A,>,J,24,入庫,,,>,J暫留線,25,test_A,3597,J,>,A,26,test_A,1552,A,>,J,27,test_A,3603,J,>,A,28,test_A,3608,A,>,J,29,入庫,,,>,J暫留線,30,test_A,3613,J,>,A,31,test_A,1560,A,>,J,32,test_A,3619,J,>,A,33,test_A,3624,A,>,J,34,入庫,,,>,J暫留線,35,test_A,3629,J,>,A,36,test_A,1568,A,>,J,37,test_A,3635,J,>,A,38,test_A,3640,A,>,J,39,入庫,,,>,J暫留線,40,test_A,3645,J,>,A,41,test_A,1576,A,>,J,42,test_A,3651,J,>,A,43,回送,1590,A,>,J,44,入庫,,,>,J暫留線,45,test_A,3663,J,>,A,46,入庫,,,>,A庫,,,,,,,,,,,,,,,,,,,,,,,,,,,,,,,,,,,,,,,,,,,,,,,,,,,,,,,,,,,,,,,,,,,,,,,,,,,,,,,,,,,,,,,,,,,,,,,,,,,,,,,,,,,,,,,,,,,,,,,,,,,,,,,,,,,,,,,,,,,,,,,,,,,,,,,,,,,,,,,,,,,,,,,,,,,,,,,,,,,,,,,,,,,,,,,,,,,,,,,,,,,,,,,,,,,,,,,,,,,,,,,,,,,,,A庫
,T_009,,,上行,test_A_00,05:38:15,,06:03:15,,下行,test_A_503,06:09:55,,06:23:55,,A庫,,,,06:31:55,,上行,test_A_00,07:08:15,,07:33:15,,下行,test_A_503,07:39:55,,07:53:55,,A庫,,,,08:01:55,,上行,test_A_00,08:08:15,,08:33:15,,下行,test_A_503,08:39:55,,08:53:55,,A庫,,,,09:01:55,,上行,test_A_00,09:08:15,,09:33:15,,下行,test_A_503,09:39:55,,09:53:55,,A庫,,,,10:01:55,,上行,test_A_00,10:23:10,,10:48:10,,J暫留線,,,,10:55:10,,下行,test_A_500,11:10:35,,11:35:35,,上行,test_A_03,11:37:30,,11:51:30,,下行,test_A_500,11:58:10,,12:23:10,,上行,test_A_00,12:23:10,,12:48:10,,J暫留線,,,,12:55:10,,下行,test_A_500,13:10:35,,13:35:35,,上行,test_A_03,13:37:30,,13:51:30,,下行,test_A_500,13:58:10,,14:23:10,,上行,test_A_00,14:23:10,,14:48:10,,J暫留線,,,,14:55:10,,下行,test_A_500,15:10:35,,15:35:35,,上行,test_A_03,15:37:30,,15:51:30,,下行,test_A_500,15:58:10,,16:23:10,,上行,test_A_00,16:23:10,,16:48:10,,J暫留線,,,,16:55:10,,下行,test_A_500,17:10:35,,17:35:35,,上行,test_A_03,17:37:30,,17:51:30,,下行,test_A_500,17:58:10,,18:23:10,,上行,test_A_00,18:23:10,,18:48:10,,J暫留線,,,,18:55:10,,下行,test_A_500,19:10:35,,19:35:35,,上行,test_A_03,19:37:30,,19:51:30,,下行,test_A_500,19:58:10,,20:23:10,,上行,test_A_00,20:23:10,,20:48:10,,J暫留線,,,,20:55:10,,下行,test_A_500,21:10:35,,21:35:35,,上行,test_A_03,21:37:30,,21:51:30,,下行,test_A_500,21:54:40,,22:19:40,,,,22:23:00,,22:36:20,,J暫留線,,,,22:36:20,,下行,test_A_500,00:16:10,,00:41:10,,A庫,,,,00:49:10,,,,,,,,,,,,,,,,,,,,,,,,,,,,,,,,,,,,,,,,,,,,,,,,,,,,,,,,,,,,,,,,,,,,,,,,,,,,,,,,,,,,,,,,,,,,,,,,,,,,,,,,,,,,,,,,,,,,,,,,,,,,,,,,,,,,,,,,,,,,,,,,,,,,,,,,,,,,,,,,,,,,,,,,,,,,,,,,,,,,,,,,,,,,,,,,,,,,,,,,,,,,,,,,,,,,,,,,,,,,,,,,,,,,,00:49:10
23,一般列車,S,1,test_C,3551,S,>,O,2,入庫,,,>,O暫留線,3,test_C,3560,O,>,S,4,入庫,,,>,S庫,,,,,,,,,,,,,,,,,,,,,,,,,,,,,,,,,,,,,,,,,,,,,,,,,,,,,,,,,,,,,,,,,,,,,,,,,,,,,,,,,,,,,,,,,,,,,,,,,,,,,,,,,,,,,,,,,,,,,,,,,,,,,,,,,,,,,,,,,,,,,,,,,,,,,,,,,,,,,,,,,,,,,,,,,,,,,,,,,,,,,,,,,,,,,,,,,,,,,,,,,,,,,,,,,,,,,,,,,,,,,,,,,,,,,,,,,,,,,,,,,,,,,,,,,,,,,,,,,,,,,,,,,,,,,,,,,,,,,,,,,,,,,,,,,,,,,,,,,,,,,,,,,,,,,,,,,,,,,,,,,,,,,,,,,,,,,,,,,,,,,,,,,,,,,,,,,,,,,,,,,,,,,,,,,,,,,,,,,,,,,,,,,,,,,,,,,,,,,,,,,,,,,,,,,,,,,,,,,,,,,,,,,,,,,,,,,,,,,,,,,,,,,,,,,,,,,,,,,,,,,,,,,,,,,,,,,,,,,,,,,S庫
,T_009,,,下行,test_C_500,05:33:00,,05:41:00,,O暫留線,,,,05:51:00,,上行,test_C_00,05:58:20,,06:06:20,,S庫,,,,06:14:20,,,,,,,,,,,,,,,,,,,,,,,,,,,,,,,,,,,,,,,,,,,,,,,,,,,,,,,,,,,,,,,,,,,,,,,,,,,,,,,,,,,,,,,,,,,,,,,,,,,,,,,,,,,,,,,,,,,,,,,,,,,,,,,,,,,,,,,,,,,,,,,,,,,,,,,,,,,,,,,,,,,,,,,,,,,,,,,,,,,,,,,,,,,,,,,,,,,,,,,,,,,,,,,,,,,,,,,,,,,,,,,,,,,,,,,,,,,,,,,,,,,,,,,,,,,,,,,,,,,,,,,,,,,,,,,,,,,,,,,,,,,,,,,,,,,,,,,,,,,,,,,,,,,,,,,,,,,,,,,,,,,,,,,,,,,,,,,,,,,,,,,,,,,,,,,,,,,,,,,,,,,,,,,,,,,,,,,,,,,,,,,,,,,,,,,,,,,,,,,,,,,,,,,,,,,,,,,,,,,,,,,,,,,,,,,,,,,,,,,,,,,,,,,,,,,,,,,,,,,,,,,,,,,,,,,,,,,,,,,,,06:14:20
24,一般列車,A,1,test_A,2512,A,>,J,2,test_C,3562,J,>,S,3,回送,1515,S,>,J,4,回送,1589,J,>,A,5,入庫,,,>,A庫,6,test_A,3558,A,>,J,7,test_A,1531,J,>,A,8,入庫,,,>,A庫,,,,,,,,,,,,,,,,,,,,,,,,,,,,,,,,,,,,,,,,,,,,,,,,,,,,,,,,,,,,,,,,,,,,,,,,,,,,,,,,,,,,,,,,,,,,,,,,,,,,,,,,,,,,,,,,,,,,,,,,,,,,,,,,,,,,,,,,,,,,,,,,,,,,,,,,,,,,,,,,,,,,,,,,,,,,,,,,,,,,,,,,,,,,,,,,,,,,,,,,,,,,,,,,,,,,,,,,,,,,,,,,,,,,,,,,,,,,,,,,,,,,,,,,,,,,,,,,,,,,,,,,,,,,,,,,,,,,,,,,,,,,,,,,,,,,,,,,,,,,,,,,,,,,,,,,,,,,,,,,,,,,,,,,,,,,,,,,,,,,,,,,,,,,,,,,,,,,,,,,,,,,,,,,,,,,,,,,,,,,,,,,,,,,,,,,,,,,,,,,,,,,,,,,,,,,,,,,,,,,,,,,,,,,,,,,,,,,,,,,,,,,,,,,,,,,,,,,,A庫
,T_010,,,上行,test_A_02,05:52:30,,06:13:10,,上行,test_C_01,06:15:10,,06:25:10,,,,06:36:30,,06:44:30,,,,06:45:35,,06:58:55,,A庫,,,,06:58:55,,上行,test_A_00,10:08:15,,10:33:15,,下行,test_A_503,10:39:55,,10:53:55,,A庫,,,,11:01:55,,,,,,,,,,,,,,,,,,,,,,,,,,,,,,,,,,,,,,,,,,,,,,,,,,,,,,,,,,,,,,,,,,,,,,,,,,,,,,,,,,,,,,,,,,,,,,,,,,,,,,,,,,,,,,,,,,,,,,,,,,,,,,,,,,,,,,,,,,,,,,,,,,,,,,,,,,,,,,,,,,,,,,,,,,,,,,,,,,,,,,,,,,,,,,,,,,,,,,,,,,,,,,,,,,,,,,,,,,,,,,,,,,,,,,,,,,,,,,,,,,,,,,,,,,,,,,,,,,,,,,,,,,,,,,,,,,,,,,,,,,,,,,,,,,,,,,,,,,,,,,,,,,,,,,,,,,,,,,,,,,,,,,,,,,,,,,,,,,,,,,,,,,,,,,,,,,,,,,,,,,,,,,,,,,,,,,,,,,,,,,,,,,,,,,,,,,,,,,,,,,,,,,,,,,,,,,,,,,,,,,,,,,,,,,,,,,,,,,,,,,,,,,,,,,,,,,,,,11:01:55
25,一般列車,S,1,test_C,3553,S,>,O,2,test_C,3558,O,>,S,3,入庫,,,>,S庫,,,,,,,,,,,,,,,,,,,,,,,,,,,,,,,,,,,,,,,,,,,,,,,,,,,,,,,,,,,,,,,,,,,,,,,,,,,,,,,,,,,,,,,,,,,,,,,,,,,,,,,,,,,,,,,,,,,,,,,,,,,,,,,,,,,,,,,,,,,,,,,,,,,,,,,,,,,,,,,,,,,,,,,,,,,,,,,,,,,,,,,,,,,,,,,,,,,,,,,,,,,,,,,,,,,,,,,,,,,,,,,,,,,,,,,,,,,,,,,,,,,,,,,,,,,,,,,,,,,,,,,,,,,,,,,,,,,,,,,,,,,,,,,,,,,,,,,,,,,,,,,,,,,,,,,,,,,,,,,,,,,,,,,,,,,,,,,,,,,,,,,,,,,,,,,,,,,,,,,,,,,,,,,,,,,,,,,,,,,,,,,,,,,,,,,,,,,,,,,,,,,,,,,,,,,,,,,,,,,,,,,,,,,,,,,,,,,,,,,,,,,,,,,,,,,,,,,,,,,,,,,,,,,,,,,,,,,,,,,,,,,,,,,S庫
,T_010,,,下行,test_C_500,05:39:00,,05:47:00,,上行,test_C_00,05:52:20,,06:00:20,,S庫,,,,06:08:20,,,,,,,,,,,,,,,,,,,,,,,,,,,,,,,,,,,,,,,,,,,,,,,,,,,,,,,,,,,,,,,,,,,,,,,,,,,,,,,,,,,,,,,,,,,,,,,,,,,,,,,,,,,,,,,,,,,,,,,,,,,,,,,,,,,,,,,,,,,,,,,,,,,,,,,,,,,,,,,,,,,,,,,,,,,,,,,,,,,,,,,,,,,,,,,,,,,,,,,,,,,,,,,,,,,,,,,,,,,,,,,,,,,,,,,,,,,,,,,,,,,,,,,,,,,,,,,,,,,,,,,,,,,,,,,,,,,,,,,,,,,,,,,,,,,,,,,,,,,,,,,,,,,,,,,,,,,,,,,,,,,,,,,,,,,,,,,,,,,,,,,,,,,,,,,,,,,,,,,,,,,,,,,,,,,,,,,,,,,,,,,,,,,,,,,,,,,,,,,,,,,,,,,,,,,,,,,,,,,,,,,,,,,,,,,,,,,,,,,,,,,,,,,,,,,,,,,,,,,,,,,,,,,,,,,,,,,,,,,,,,,,,,,06:08:20
26,一般列車,A,1,test_A,1514,A,>,J,2,test_A,3527,J,>,A,3,test_A,3532,A,>,J,4,入庫,,,>,J暫留線,5,test_A,3537,J,>,A,6,test_A,1522,A,>,J,7,test_A,3543,J,>,A,8,test_A,3548,A,>,J,9,入庫,,,>,J暫留線,10,test_A,3553,J,>,A,11,test_A,1530,A,>,J,12,test_A,3559,J,>,A,13,test_A,3564,A,>,J,14,入庫,,,>,J暫留線,15,test_A,3569,J,>,A,16,test_A,1538,A,>,J,17,test_A,3575,J,>,A,18,test_A,3580,A,>,J,19,入庫,,,>,J暫留線,20,test_A,3585,J,>,A,21,test_A,1546,A,>,J,22,test_A,3591,J,>,A,23,test_A,3596,A,>,J,24,入庫,,,>,J暫留線,25,test_A,3601,J,>,A,26,test_A,1554,A,>,J,27,test_A,3607,J,>,A,28,test_A,3612,A,>,J,29,入庫,,,>,J暫留線,30,test_A,3617,J,>,A,31,test_A,1562,A,>,J,32,test_A,3623,J,>,A,33,test_A,3628,A,>,J,34,入庫,,,>,J暫留線,35,test_A,3633,J,>,A,36,test_A,1570,A,>,J,37,test_A,3639,J,>,A,38,test_A,3644,A,>,J,39,入庫,,,>,J暫留線,40,test_A,3649,J,>,A,41,test_A,2578,A,>,J,42,test_A,3655,J,>,A,43,入庫,,,>,A庫,,,,,,,,,,,,,,,,,,,,,,,,,,,,,,,,,,,,,,,,,,,,,,,,,,,,,,,,,,,,,,,,,,,,,,,,,,,,,,,,,,,,,,,,,,,,,,,,,,,,,,,,,,,,,,,,,,,,,,,,,,,,,,,,,,,,,,,,,,,,,,,,,,,,,,,,,,,,,,,,,,,,,,,,,,,,,,,,,,,,,,,,,,,,,,,,,,,,,,,,,,,,,,,,,,,,,,,,,,,,,,,,,,,,,,,,,,,,,,,,,,,,,,,A庫
,T_011,,,上行,test_A_03,06:07:30,,06:21:30,,下行,test_A_500,06:28:10,,06:53:10,,上行,test_A_00,06:53:10,,07:18:10,,J暫留線,,,,07:25:10,,下行,test_A_500,07:40:35,,08:05:35,,上行,test_A_03,08:07:30,,08:21:30,,下行,test_A_500,08:28:10,,08:53:10,,上行,test_A_00,08:53:10,,09:18:10,,J暫留線,,,,09:25:10,,下行,test_A_500,09:40:35,,10:05:35,,上行,test_A_03,10:07:30,,10:21:30,,下行,test_A_500,10:28:10,,10:53:10,,上行,test_A_00,10:53:10,,11:18:10,,J暫留線,,,,11:25:10,,下行,test_A_500,11:40:35,,12:05:35,,上行,test_A_03,12:07:30,,12:21:30,,下行,test_A_500,12:28:10,,12:53:10,,上行,test_A_00,12:53:10,,13:18:10,,J暫留線,,,,13:25:10,,下行,test_A_500,13:40:35,,14:05:35,,上行,test_A_03,14:07:30,,14:21:30,,下行,test_A_500,14:28:10,,14:53:10,,上行,test_A_00,14:53:10,,15:18:10,,J暫留線,,,,15:25:10,,下行,test_A_500,15:40:35,,16:05:35,,上行,test_A_03,16:07:30,,16:21:30,,下行,test_A_500,16:28:10,,16:53:10,,上行,test_A_00,16:53:10,,17:18:10,,J暫留線,,,,17:25:10,,下行,test_A_500,17:40:35,,18:05:35,,上行,test_A_03,18:07:30,,18:21:30,,下行,test_A_500,18:28:10,,18:53:10,,上行,test_A_00,18:53:10,,19:18:10,,J暫留線,,,,19:25:10,,下行,test_A_500,19:40:35,,20:05:35,,上行,test_A_03,20:07:30,,20:21:30,,下行,test_A_500,20:28:10,,20:53:10,,上行,test_A_00,20:53:10,,21:18:10,,J暫留線,,,,21:25:10,,下行,test_A_500,21:40:35,,22:05:35,,上行,test_A_02,22:10:00,,22:30:40,,下行,test_A_500,22:30:40,,22:55:40,,A庫,,,,23:03:40,,,,,,,,,,,,,,,,,,,,,,,,,,,,,,,,,,,,,,,,,,,,,,,,,,,,,,,,,,,,,,,,,,,,,,,,,,,,,,,,,,,,,,,,,,,,,,,,,,,,,,,,,,,,,,,,,,,,,,,,,,,,,,,,,,,,,,,,,,,,,,,,,,,,,,,,,,,,,,,,,,,,,,,,,,,,,,,,,,,,,,,,,,,,,,,,,,,,,,,,,,,,,,,,,,,,,,,,,,,,,,,,,,,,,,,,,,,,,,,,,,,,,,,23:03:40
27,一般列車,S,1,test_C,3543,S,>,O,2,test_C,3548,O,>,S,3,入庫,,,>,S庫,4,test_C,3555,S,>,J,5,test_A,2511,J,>,A,6,test_A,2514,A,>,J,7,test_C,3572,J,>,S,8,test_C,3579,S,>,O,9,test_C,3586,O,>,S,10,test_C,3587,S,>,O,11,test_C,3594,O,>,S,12,test_C,3595,S,>,J,13,test_A,2519,J,>,A,14,test_A,2522,A,>,J,15,test_C,3612,J,>,S,16,test_C,3619,S,>,O,17,test_C,3626,O,>,S,18,test_C,3627,S,>,O,19,test_C,3634,O,>,S,20,test_C,3635,S,>,J,21,test_A,2527,J,>,A,22,test_A,2530,A,>,J,23,test_C,3652,J,>,S,24,test_C,3659,S,>,O,25,test_C,3666,O,>,S,26,test_C,3667,S,>,O,27,test_C,3674,O,>,S,28,test_C,3675,S,>,J,29,test_A,2535,J,>,A,30,test_A,2538,A,>,J,31,test_C,3692,J,>,S,32,test_C,3699,S,>,O,33,test_C,3706,O,>,S,34,test_C,3707,S,>,O,35,test_C,3714,O,>,S,36,test_C,3715,S,>,J,37,test_A,2543,J,>,A,38,test_A,2546,A,>,J,39,test_C,3732,J,>,S,40,test_C,3739,S,>,O,41,test_C,3746,O,>,S,42,test_C,3747,S,>,O,43,test_C,3754,O,>,S,44,test_C,3755,S,>,J,45,test_A,2551,J,>,A,46,test_A,2554,A,>,J,47,test_C,3772,J,>,S,48,test_C,3779,S,>,O,49,test_C,3786,O,>,S,50,test_C,3787,S,>,O,51,test_C,3794,O,>,S,52,test_C,3795,S,>,J,53,test_A,2559,J,>,A,54,test_A,2562,A,>,J,55,test_C,3812,J,>,S,56,test_C,3819,S,>,O,57,test_C,3826,O,>,S,58,test_C,3827,S,>,O,59,test_C,3834,O,>,S,60,test_C,3835,S,>,J,61,test_A,2567,J,>,A,62,test_A,2570,A,>,J,63,test_C,3852,J,>,S,64,test_C,3859,S,>,O,65,test_C,3866,O,>,S,66,test_C,3867,S,>,O,67,test_C,3874,O,>,S,68,test_C,3875,S,>,J,69,test_A,2575,J,>,A,70,回送,1588,A,>,J,71,回送,1504,J,>,S,72,入庫,,,>,S庫,,,,,,,,,,,,,,,,,,,,,,,,,,,,,,,,,,,,,,,,,,,,,,,,,,,,,,,,,,,,,,,,,,,,,,,,,S庫
,T_011,,,下行,test_C_500,05:09:00,,05:17:00,,上行,test_C_00,05:22:20,,05:30:20,,S庫,,,,05:38:20,,下行,test_C_501,05:45:00,,05:55:00,,下行,test_A_502,05:57:00,,06:17:40,,上行,test_A_02,06:22:30,,06:43:10,,上行,test_C_01,06:45:10,,06:55:10,,下行,test_C_500,06:57:00,,07:05:00,,上行,test_C_00,07:10:20,,07:18:20,,下行,test_C_500,07:21:00,,07:29:00,,上行,test_C_00,07:34:20,,07:42:20,,下行,test_C_501,07:45:00,,07:55:00,,下行,test_A_502,07:57:00,,08:17:40,,上行,test_A_02,08:22:30,,08:43:10,,上行,test_C_01,08:45:10,,08:55:10,,下行,test_C_500,08:57:00,,09:05:00,,上行,test_C_00,09:10:20,,09:18:20,,下行,test_C_500,09:21:00,,09:29:00,,上行,test_C_00,09:34:20,,09:42:20,,下行,test_C_501,09:45:00,,09:55:00,,下行,test_A_502,09:57:00,,10:17:40,,上行,test_A_02,10:22:30,,10:43:10,,上行,test_C_01,10:45:10,,10:55:10,,下行,test_C_500,10:57:00,,11:05:00,,上行,test_C_00,11:10:20,,11:18:20,,下行,test_C_500,11:21:00,,11:29:00,,上行,test_C_00,11:34:20,,11:42:20,,下行,test_C_501,11:45:00,,11:55:00,,下行,test_A_502,11:57:00,,12:17:40,,上行,test_A_02,12:22:30,,12:43:10,,上行,test_C_01,12:45:10,,12:55:10,,下行,test_C_500,12:57:00,,13:05:00,,上行,test_C_00,13:10:20,,13:18:20,,下行,test_C_500,13:21:00,,13:29:00,,上行,test_C_00,13:34:20,,13:42:20,,下行,test_C_501,13:45:00,,13:55:00,,下行,test_A_502,13:57:00,,14:17:40,,上行,test_A_02,14:22:30,,14:43:10,,上行,test_C_01,14:45:10,,14:55:10,,下行,test_C_500,14:57:00,,15:05:00,,上行,test_C_00,15:10:20,,15:18:20,,下行,test_C_500,15:21:00,,15:29:00,,上行,test_C_00,15:34:20,,15:42:20,,下行,test_C_501,15:45:00,,15:55:00,,下行,test_A_502,15:57:00,,16:17:40,,上行,test_A_02,16:22:30,,16:43:10,,上行,test_C_01,16:45:10,,16:55:10,,下行,test_C_500,16:57:00,,17:05:00,,上行,test_C_00,17:10:20,,17:18:20,,下行,test_C_500,17:21:00,,17:29:00,,上行,test_C_00,17:34:20,,17:42:20,,下行,test_C_501,17:45:00,,17:55:00,,下行,test_A_502,17:57:00,,18:17:40,,上行,test_A_02,18:22:30,,18:43:10,,上行,test_C_01,18:45:10,,18:55:10,,下行,test_C_500,18:57:00,,19:05:00,,上行,test_C_00,19:10:20,,19:18:20,,下行,test_C_500,19:21:00,,19:29:00,,上行,test_C_00,19:34:20,,19:42:20,,下行,test_C_501,19:45:00,,19:55:00,,下行,test_A_502,19:57:00,,20:17:40,,上行,test_A_02,20:22:30,,20:43:10,,上行,test_C_01,20:45:10,,20:55:10,,下行,test_C_500,20:57:00,,21:05:00,,上行,test_C_00,21:10:20,,21:18:20,,下行,test_C_500,21:21:00,,21:29:00,,上行,test_C_00,21:34:20,,21:42:20,,下行,test_C_501,21:45:00,,21:55:00,,下行,test_A_502,21:57:00,,22:17:40,,,,22:25:40,,22:39:00,,,,22:40:05,,22:48:35,,S庫,,,,22:48:35,,,,,,,,,,,,,,,,,,,,,,,,,,,,,,,,,,,,,,,,,,,,,,,,,,,,,,,,,,,,,,,,,,,,,,,,,22:48:35
28,一般列車,S,1,test_C,3557,S,>,O,2,test_C,3564,O,>,S,3,入庫,,,>,S庫,4,test_C,3663,S,>,O,5,test_C,3668,O,>,S,6,入庫,,,>,S庫,,,,,,,,,,,,,,,,,,,,,,,,,,,,,,,,,,,,,,,,,,,,,,,,,,,,,,,,,,,,,,,,,,,,,,,,,,,,,,,,,,,,,,,,,,,,,,,,,,,,,,,,,,,,,,,,,,,,,,,,,,,,,,,,,,,,,,,,,,,,,,,,,,,,,,,,,,,,,,,,,,,,,,,,,,,,,,,,,,,,,,,,,,,,,,,,,,,,,,,,,,,,,,,,,,,,,,,,,,,,,,,,,,,,,,,,,,,,,,,,,,,,,,,,,,,,,,,,,,,,,,,,,,,,,,,,,,,,,,,,,,,,,,,,,,,,,,,,,,,,,,,,,,,,,,,,,,,,,,,,,,,,,,,,,,,,,,,,,,,,,,,,,,,,,,,,,,,,,,,,,,,,,,,,,,,,,,,,,,,,,,,,,,,,,,,,,,,,,,,,,,,,,,,,,,,,,,,,,,,,,,,,,,,,,,,,,,,,,,,,,,,,,,,,,,,,,,,,,,,,,,,,,,,,,S庫
,T_012,,,下行,test_C_500,05:51:00,,05:59:00,,上行,test_C_00,06:04:20,,06:12:20,,S庫,,,,06:20:20,,下行,test_C_500,11:09:00,,11:17:00,,上行,test_C_00,11:22:20,,11:30:20,,S庫,,,,11:38:20,,,,,,,,,,,,,,,,,,,,,,,,,,,,,,,,,,,,,,,,,,,,,,,,,,,,,,,,,,,,,,,,,,,,,,,,,,,,,,,,,,,,,,,,,,,,,,,,,,,,,,,,,,,,,,,,,,,,,,,,,,,,,,,,,,,,,,,,,,,,,,,,,,,,,,,,,,,,,,,,,,,,,,,,,,,,,,,,,,,,,,,,,,,,,,,,,,,,,,,,,,,,,,,,,,,,,,,,,,,,,,,,,,,,,,,,,,,,,,,,,,,,,,,,,,,,,,,,,,,,,,,,,,,,,,,,,,,,,,,,,,,,,,,,,,,,,,,,,,,,,,,,,,,,,,,,,,,,,,,,,,,,,,,,,,,,,,,,,,,,,,,,,,,,,,,,,,,,,,,,,,,,,,,,,,,,,,,,,,,,,,,,,,,,,,,,,,,,,,,,,,,,,,,,,,,,,,,,,,,,,,,,,,,,,,,,,,,,,,,,,,,,,,,,,,,,,,,,,,,,,,,,,,,,,11:38:20
29,一般列車,S,1,test_C,3559,S,>,O,2,test_C,3566,O,>,S,3,入庫,,,>,S庫,,,,,,,,,,,,,,,,,,,,,,,,,,,,,,,,,,,,,,,,,,,,,,,,,,,,,,,,,,,,,,,,,,,,,,,,,,,,,,,,,,,,,,,,,,,,,,,,,,,,,,,,,,,,,,,,,,,,,,,,,,,,,,,,,,,,,,,,,,,,,,,,,,,,,,,,,,,,,,,,,,,,,,,,,,,,,,,,,,,,,,,,,,,,,,,,,,,,,,,,,,,,,,,,,,,,,,,,,,,,,,,,,,,,,,,,,,,,,,,,,,,,,,,,,,,,,,,,,,,,,,,,,,,,,,,,,,,,,,,,,,,,,,,,,,,,,,,,,,,,,,,,,,,,,,,,,,,,,,,,,,,,,,,,,,,,,,,,,,,,,,,,,,,,,,,,,,,,,,,,,,,,,,,,,,,,,,,,,,,,,,,,,,,,,,,,,,,,,,,,,,,,,,,,,,,,,,,,,,,,,,,,,,,,,,,,,,,,,,,,,,,,,,,,,,,,,,,,,,,,,,,,,,,,,,,,,,,,,,,,,,,,,,,S庫
,T_013,,,下行,test_C_500,05:57:00,,06:05:00,,上行,test_C_00,06:10:20,,06:18:20,,S庫,,,,06:26:20,,,,,,,,,,,,,,,,,,,,,,,,,,,,,,,,,,,,,,,,,,,,,,,,,,,,,,,,,,,,,,,,,,,,,,,,,,,,,,,,,,,,,,,,,,,,,,,,,,,,,,,,,,,,,,,,,,,,,,,,,,,,,,,,,,,,,,,,,,,,,,,,,,,,,,,,,,,,,,,,,,,,,,,,,,,,,,,,,,,,,,,,,,,,,,,,,,,,,,,,,,,,,,,,,,,,,,,,,,,,,,,,,,,,,,,,,,,,,,,,,,,,,,,,,,,,,,,,,,,,,,,,,,,,,,,,,,,,,,,,,,,,,,,,,,,,,,,,,,,,,,,,,,,,,,,,,,,,,,,,,,,,,,,,,,,,,,,,,,,,,,,,,,,,,,,,,,,,,,,,,,,,,,,,,,,,,,,,,,,,,,,,,,,,,,,,,,,,,,,,,,,,,,,,,,,,,,,,,,,,,,,,,,,,,,,,,,,,,,,,,,,,,,,,,,,,,,,,,,,,,,,,,,,,,,,,,,,,,,,,,,,,,,,06:26:20
30,一般列車,S,1,test_C,3561,S,>,O,2,入庫,,,>,O暫留線,3,test_C,3570,O,>,S,4,test_C,3573,S,>,O,5,test_C,3578,O,>,S,6,test_C,3581,S,>,O,7,入庫,,,>,O暫留線,8,test_C,3590,O,>,S,9,test_C,3593,S,>,O,10,test_C,3598,O,>,S,11,test_C,3601,S,>,O,12,入庫,,,>,O暫留線,13,test_C,3610,O,>,S,14,test_C,3613,S,>,O,15,test_C,3618,O,>,S,16,test_C,3621,S,>,O,17,入庫,,,>,O暫留線,18,test_C,3630,O,>,S,19,test_C,3633,S,>,O,20,test_C,3638,O,>,S,21,test_C,3641,S,>,O,22,入庫,,,>,O暫留線,23,test_C,3650,O,>,S,24,test_C,3653,S,>,O,25,test_C,3658,O,>,S,26,test_C,3661,S,>,O,27,入庫,,,>,O暫留線,28,test_C,3670,O,>,S,29,test_C,3673,S,>,O,30,test_C,3678,O,>,S,31,test_C,3681,S,>,O,32,入庫,,,>,O暫留線,33,test_C,3690,O,>,S,34,test_C,3693,S,>,O,35,test_C,3698,O,>,S,36,test_C,3701,S,>,O,37,入庫,,,>,O暫留線,38,test_C,3710,O,>,S,39,test_C,3713,S,>,O,40,test_C,3718,O,>,S,41,test_C,3721,S,>,O,42,入庫,,,>,O暫留線,43,test_C,3730,O,>,S,44,test_C,3733,S,>,O,45,test_C,3738,O,>,S,46,test_C,3741,S,>,O,47,入庫,,,>,O暫留線,48,test_C,3750,O,>,S,49,test_C,3753,S,>,O,50,test_C,3758,O,>,S,51,test_C,3761,S,>,O,52,入庫,,,>,O暫留線,53,test_C,3770,O,>,S,54,test_C,3773,S,>,O,55,test_C,3778,O,>,S,56,test_C,3781,S,>,O,57,入庫,,,>,O暫留線,58,test_C,3790,O,>,S,59,test_C,3793,S,>,O,60,test_C,3798,O,>,S,61,test_C,3801,S,>,O,62,入庫,,,>,O暫留線,63,test_C,3810,O,>,S,64,test_C,3813,S,>,O,65,test_C,3818,O,>,S,66,test_C,3821,S,>,O,67,入庫,,,>,O暫留線,68,test_C,3830,O,>,S,69,test_C,3833,S,>,O,70,test_C,3838,O,>,S,71,test_C,3841,S,>,O,72,入庫,,,>,O暫留線,73,test_C,3850,O,>,S,74,test_C,3853,S,>,O,75,test_C,3858,O,>,S,76,test_C,3861,S,>,O,77,入庫,,,>,O暫留線,78,test_C,3870,O,>,S,79,test_C,3873,S,>,O,80,test_C,3878,O,>,S,81,test_C,3881,S,>,O,82,test_C,3888,O,>,S,83,入庫,,,>,S庫,,,,,,,S庫
,T_014,,,下行,test_C_500,06:03:00,,06:11:00,,O暫留線,,,,06:21:00,,上行,test_C_00,06:28:20,,06:36:20,,下行,test_C_500,06:39:00,,06:47:00,,上行,test_C_00,06:52:20,,07:00:20,,下行,test_C_500,07:03:00,,07:11:00,,O暫留線,,,,07:21:00,,上行,test_C_00,07:28:20,,07:36:20,,下行,test_C_500,07:39:00,,07:47:00,,上行,test_C_00,07:52:20,,08:00:20,,下行,test_C_500,08:03:00,,08:11:00,,O暫留線,,,,08:21:00,,上行,test_C_00,08:28:20,,08:36:20,,下行,test_C_500,08:39:00,,08:47:00,,上行,test_C_00,08:52:20,,09:00:20,,下行,test_C_500,09:03:00,,09:11:00,,O暫留線,,,,09:21:00,,上行,test_C_00,09:28:20,,09:36:20,,下行,test_C_500,09:39:00,,09:47:00,,上行,test_C_00,09:52:20,,10:00:20,,下行,test_C_500,10:03:00,,10:11:00,,O暫留線,,,,10:21:00,,上行,test_C_00,10:28:20,,10:36:20,,下行,test_C_500,10:39:00,,10:47:00,,上行,test_C_00,10:52:20,,11:00:20,,下行,test_C_500,11:03:00,,11:11:00,,O暫留線,,,,11:21:00,,上行,test_C_00,11:28:20,,11:36:20,,下行,test_C_500,11:39:00,,11:47:00,,上行,test_C_00,11:52:20,,12:00:20,,下行,test_C_500,12:03:00,,12:11:00,,O暫留線,,,,12:21:00,,上行,test_C_00,12:28:20,,12:36:20,,下行,test_C_500,12:39:00,,12:47:00,,上行,test_C_00,12:52:20,,13:00:20,,下行,test_C_500,13:03:00,,13:11:00,,O暫留線,,,,13:21:00,,上行,test_C_00,13:28:20,,13:36:20,,下行,test_C_500,13:39:00,,13:47:00,,上行,test_C_00,13:52:20,,14:00:20,,下行,test_C_500,14:03:00,,14:11:00,,O暫留線,,,,14:21:00,,上行,test_C_00,14:28:20,,14:36:20,,下行,test_C_500,14:39:00,,14:47:00,,上行,test_C_00,14:52:20,,15:00:20,,下行,test_C_500,15:03:00,,15:11:00,,O暫留線,,,,15:21:00,,上行,test_C_00,15:28:20,,15:36:20,,下行,test_C_500,15:39:00,,15:47:00,,上行,test_C_00,15:52:20,,16:00:20,,下行,test_C_500,16:03:00,,16:11:00,,O暫留線,,,,16:21:00,,上行,test_C_00,16:28:20,,16:36:20,,下行,test_C_500,16:39:00,,16:47:00,,上行,test_C_00,16:52:20,,17:00:20,,下行,test_C_500,17:03:00,,17:11:00,,O暫留線,,,,17:21:00,,上行,test_C_00,17:28:20,,17:36:20,,下行,test_C_500,17:39:00,,17:47:00,,上行,test_C_00,17:52:20,,18:00:20,,下行,test_C_500,18:03:00,,18:11:00,,O暫留線,,,,18:21:00,,上行,test_C_00,18:28:20,,18:36:20,,下行,test_C_500,18:39:00,,18:47:00,,上行,test_C_00,18:52:20,,19:00:20,,下行,test_C_500,19:03:00,,19:11:00,,O暫留線,,,,19:21:00,,上行,test_C_00,19:28:20,,19:36:20,,下行,test_C_500,19:39:00,,19:47:00,,上行,test_C_00,19:52:20,,20:00:20,,下行,test_C_500,20:03:00,,20:11:00,,O暫留線,,,,20:21:00,,上行,test_C_00,20:28:20,,20:36:20,,下行,test_C_500,20:39:00,,20:47:00,,上行,test_C_00,20:52:20,,21:00:20,,下行,test_C_500,21:03:00,,21:11:00,,O暫留線,,,,21:21:00,,上行,test_C_00,21:28:20,,21:36:20,,下行,test_C_500,21:39:00,,21:47:00,,上行,test_C_00,21:52:20,,22:00:20,,下行,test_C_500,22:04:17,,22:12:17,,上行,test_C_00,22:14:11,,22:22:11,,S庫,,,,22:30:11,,,,,,,22:30:11
31,一般列車,S,1,test_C,3563,S,>,O,2,test_C,3568,O,>,S,3,test_C,3571,S,>,O,4,入庫,,,>,O暫留線,5,test_C,3580,O,>,S,6,test_C,3583,S,>,O,7,test_C,3588,O,>,S,8,test_C,3591,S,>,O,9,入庫,,,>,O暫留線,10,test_C,3600,O,>,S,11,test_C,3603,S,>,O,12,test_C,3608,O,>,S,13,test_C,3611,S,>,O,14,入庫,,,>,O暫留線,15,test_C,3620,O,>,S,16,test_C,3623,S,>,O,17,test_C,3628,O,>,S,18,test_C,3631,S,>,O,19,入庫,,,>,O暫留線,20,test_C,3640,O,>,S,21,test_C,3643,S,>,O,22,test_C,3648,O,>,S,23,test_C,3651,S,>,O,24,入庫,,,>,O暫留線,25,test_C,3660,O,>,S,26,入庫,,,>,S庫,27,test_C,3671,S,>,O,28,入庫,,,>,O暫留線,29,test_C,3680,O,>,S,30,test_C,3683,S,>,O,31,test_C,3688,O,>,S,32,test_C,3691,S,>,O,33,入庫,,,>,O暫留線,34,test_C,3700,O,>,S,35,test_C,3703,S,>,O,36,test_C,3708,O,>,S,37,test_C,3711,S,>,O,38,入庫,,,>,O暫留線,39,test_C,3720,O,>,S,40,test_C,3723,S,>,O,41,test_C,3728,O,>,S,42,test_C,3731,S,>,O,43,入庫,,,>,O暫留線,44,test_C,3740,O,>,S,45,test_C,3743,S,>,O,46,test_C,3748,O,>,S,47,test_C,3751,S,>,O,48,入庫,,,>,O暫留線,49,test_C,3760,O,>,S,50,test_C,3763,S,>,O,51,test_C,3768,O,>,S,52,test_C,3771,S,>,O,53,入庫,,,>,O暫留線,54,test_C,3780,O,>,S,55,test_C,3783,S,>,O,56,test_C,3788,O,>,S,57,test_C,3791,S,>,O,58,入庫,,,>,O暫留線,59,test_C,3800,O,>,S,60,test_C,3803,S,>,O,61,test_C,3808,O,>,S,62,test_C,3811,S,>,O,63,入庫,,,>,O暫留線,64,test_C,3820,O,>,S,65,test_C,3823,S,>,O,66,test_C,3828,O,>,S,67,test_C,3831,S,>,O,68,入庫,,,>,O暫留線,69,test_C,3840,O,>,S,70,test_C,3843,S,>,O,71,test_C,3848,O,>,S,72,test_C,3851,S,>,O,73,入庫,,,>,O暫留線,74,test_C,3860,O,>,S,75,test_C,3863,S,>,O,76,test_C,3868,O,>,S,77,test_C,3871,S,>,O,78,入庫,,,>,O暫留線,79,test_C,3880,O,>,S,80,test_C,3883,S,>,O,81,test_C,3890,O,>,S,82,test_C,3889,S,>,O,83,test_C,3894,O,>,S,84,入庫,,,>,S庫,S庫
,T_015,,,下行,test_C_500,06:09:00,,06:17:00,,上行,test_C_00,06:22:20,,06:30:20,,下行,test_C_500,06:33:00,,06:41:00,,O暫留線,,,,06:51:00,,上行,test_C_00,06:58:20,,07:06:20,,下行,test_C_500,07:09:00,,07:17:00,,上行,test_C_00,07:22:20,,07:30:20,,下行,test_C_500,07:33:00,,07:41:00,,O暫留線,,,,07:51:00,,上行,test_C_00,07:58:20,,08:06:20,,下行,test_C_500,08:09:00,,08:17:00,,上行,test_C_00,08:22:20,,08:30:20,,下行,test_C_500,08:33:00,,08:41:00,,O暫留線,,,,08:51:00,,上行,test_C_00,08:58:20,,09:06:20,,下行,test_C_500,09:09:00,,09:17:00,,上行,test_C_00,09:22:20,,09:30:20,,下行,test_C_500,09:33:00,,09:41:00,,O暫留線,,,,09:51:00,,上行,test_C_00,09:58:20,,10:06:20,,下行,test_C_500,10:09:00,,10:17:00,,上行,test_C_00,10:22:20,,10:30:20,,下行,test_C_500,10:33:00,,10:41:00,,O暫留線,,,,10:51:00,,上行,test_C_00,10:58:20,,11:06:20,,S庫,,,,11:14:20,,下行,test_C_500,11:33:00,,11:41:00,,O暫留線,,,,11:51:00,,上行,test_C_00,11:58:20,,12:06:20,,下行,test_C_500,12:09:00,,12:17:00,,上行,test_C_00,12:22:20,,12:30:20,,下行,test_C_500,12:33:00,,12:41:00,,O暫留線,,,,12:51:00,,上行,test_C_00,12:58:20,,13:06:20,,下行,test_C_500,13:09:00,,13:17:00,,上行,test_C_00,13:22:20,,13:30:20,,下行,test_C_500,13:33:00,,13:41:00,,O暫留線,,,,13:51:00,,上行,test_C_00,13:58:20,,14:06:20,,下行,test_C_500,14:09:00,,14:17:00,,上行,test_C_00,14:22:20,,14:30:20,,下行,test_C_500,14:33:00,,14:41:00,,O暫留線,,,,14:51:00,,上行,test_C_00,14:58:20,,15:06:20,,下行,test_C_500,15:09:00,,15:17:00,,上行,test_C_00,15:22:20,,15:30:20,,下行,test_C_500,15:33:00,,15:41:00,,O暫留線,,,,15:51:00,,上行,test_C_00,15:58:20,,16:06:20,,下行,test_C_500,16:09:00,,16:17:00,,上行,test_C_00,16:22:20,,16:30:20,,下行,test_C_500,16:33:00,,16:41:00,,O暫留線,,,,16:51:00,,上行,test_C_00,16:58:20,,17:06:20,,下行,test_C_500,17:09:00,,17:17:00,,上行,test_C_00,17:22:20,,17:30:20,,下行,test_C_500,17:33:00,,17:41:00,,O暫留線,,,,17:51:00,,上行,test_C_00,17:58:20,,18:06:20,,下行,test_C_500,18:09:00,,18:17:00,,上行,test_C_00,18:22:20,,18:30:20,,下行,test_C_500,18:33:00,,18:41:00,,O暫留線,,,,18:51:00,,上行,test_C_00,18:58:20,,19:06:20,,下行,test_C_500,19:09:00,,19:17:00,,上行,test_C_00,19:22:20,,19:30:20,,下行,test_C_500,19:33:00,,19:41:00,,O暫留線,,,,19:51:00,,上行,test_C_00,19:58:20,,20:06:20,,下行,test_C_500,20:09:00,,20:17:00,,上行,test_C_00,20:22:20,,20:30:20,,下行,test_C_500,20:33:00,,20:41:00,,O暫留線,,,,20:51:00,,上行,test_C_00,20:58:20,,21:06:20,,下行,test_C_500,21:09:00,,21:17:00,,上行,test_C_00,21:22:20,,21:30:20,,下行,test_C_500,21:33:00,,21:41:00,,O暫留線,,,,21:51:00,,上行,test_C_00,21:58:20,,22:06:20,,下行,test_C_500,22:12:51,,22:20:51,,上行,test_C_00,22:22:45,,22:30:45,,下行,test_C_500,22:38:34,,22:46:34,,上行,test_C_00,22:48:28,,22:56:28,,S庫,,,,23:04:28,23:04:28
32,一般列車,S,1,test_C,3565,S,>,J,2,test_A,2513,J,>,A,3,test_A,2516,A,>,J,4,test_C,3582,J,>,S,5,test_C,3589,S,>,O,6,test_C,3596,O,>,S,7,test_C,3597,S,>,O,8,test_C,3604,O,>,S,9,test_C,3605,S,>,J,10,test_A,2521,J,>,A,11,test_A,2524,A,>,J,12,test_C,3622,J,>,S,13,test_C,3629,S,>,O,14,test_C,3636,O,>,S,15,test_C,3637,S,>,O,16,test_C,3644,O,>,S,17,test_C,3645,S,>,J,18,test_A,2529,J,>,A,19,test_A,2532,A,>,J,20,test_C,3662,J,>,S,21,test_C,3669,S,>,O,22,test_C,3676,O,>,S,23,test_C,3677,S,>,O,24,test_C,3684,O,>,S,25,test_C,3685,S,>,J,26,test_A,2537,J,>,A,27,test_A,2540,A,>,J,28,test_C,3702,J,>,S,29,test_C,3709,S,>,O,30,test_C,3716,O,>,S,31,test_C,3717,S,>,O,32,test_C,3724,O,>,S,33,test_C,3725,S,>,J,34,test_A,2545,J,>,A,35,test_A,2548,A,>,J,36,test_C,3742,J,>,S,37,test_C,3749,S,>,O,38,test_C,3756,O,>,S,39,test_C,3757,S,>,O,40,test_C,3764,O,>,S,41,test_C,3765,S,>,J,42,test_A,2553,J,>,A,43,test_A,2556,A,>,J,44,test_C,3782,J,>,S,45,test_C,3789,S,>,O,46,test_C,3796,O,>,S,47,test_C,3797,S,>,O,48,test_C,3804,O,>,S,49,test_C,3805,S,>,J,50,test_A,2561,J,>,A,51,test_A,2564,A,>,J,52,test_C,3822,J,>,S,53,test_C,3829,S,>,O,54,test_C,3836,O,>,S,55,test_C,3837,S,>,O,56,test_C,3844,O,>,S,57,test_C,3845,S,>,J,58,test_A,2569,J,>,A,59,test_A,2572,A,>,J,60,test_C,3862,J,>,S,61,test_C,3869,S,>,O,62,test_C,3876,O,>,S,63,test_C,3877,S,>,O,64,回送,1506,O,>,S,65,入庫,,,>,S庫,,,,,,,,,,,,,,,,,,,,,,,,,,,,,,,,,,,,,,,,,,,,,,,,,,,,,,,,,,,,,,,,,,,,,,,,,,,,,,,,,,,,,,,,,,,,,,,,,,,,,,,,,,,,,,,,,,,S庫
,T_016,,,下行,test_C_501,06:15:00,,06:25:00,,下行,test_A_502,06:27:00,,06:47:40,,上行,test_A_02,06:52:30,,07:13:10,,上行,test_C_01,07:15:10,,07:25:10,,下行,test_C_500,07:27:00,,07:35:00,,上行,test_C_00,07:40:20,,07:48:20,,下行,test_C_500,07:51:00,,07:59:00,,上行,test_C_00,08:04:20,,08:12:20,,下行,test_C_501,08:15:00,,08:25:00,,下行,test_A_502,08:27:00,,08:47:40,,上行,test_A_02,08:52:30,,09:13:10,,上行,test_C_01,09:15:10,,09:25:10,,下行,test_C_500,09:27:00,,09:35:00,,上行,test_C_00,09:40:20,,09:48:20,,下行,test_C_500,09:51:00,,09:59:00,,上行,test_C_00,10:04:20,,10:12:20,,下行,test_C_501,10:15:00,,10:25:00,,下行,test_A_502,10:27:00,,10:47:40,,上行,test_A_02,10:52:30,,11:13:10,,上行,test_C_01,11:15:10,,11:25:10,,下行,test_C_500,11:27:00,,11:35:00,,上行,test_C_00,11:40:20,,11:48:20,,下行,test_C_500,11:51:00,,11:59:00,,上行,test_C_00,12:04:20,,12:12:20,,下行,test_C_501,12:15:00,,12:25:00,,下行,test_A_502,12:27:00,,12:47:40,,上行,test_A_02,12:52:30,,13:13:10,,上行,test_C_01,13:15:10,,13:25:10,,下行,test_C_500,13:27:00,,13:35:00,,上行,test_C_00,13:40:20,,13:48:20,,下行,test_C_500,13:51:00,,13:59:00,,上行,test_C_00,14:04:20,,14:12:20,,下行,test_C_501,14:15:00,,14:25:00,,下行,test_A_502,14:27:00,,14:47:40,,上行,test_A_02,14:52:30,,15:13:10,,上行,test_C_01,15:15:10,,15:25:10,,下行,test_C_500,15:27:00,,15:35:00,,上行,test_C_00,15:40:20,,15:48:20,,下行,test_C_500,15:51:00,,15:59:00,,上行,test_C_00,16:04:20,,16:12:20,,下行,test_C_501,16:15:00,,16:25:00,,下行,test_A_502,16:27:00,,16:47:40,,上行,test_A_02,16:52:30,,17:13:10,,上行,test_C_01,17:15:10,,17:25:10,,下行,test_C_500,17:27:00,,17:35:00,,上行,test_C_00,17:40:20,,17:48:20,,下行,test_C_500,17:51:00,,17:59:00,,上行,test_C_00,18:04:20,,18:12:20,,下行,test_C_501,18:15:00,,18:25:00,,下行,test_A_502,18:27:00,,18:47:40,,上行,test_A_02,18:52:30,,19:13:10,,上行,test_C_01,19:15:10,,19:25:10,,下行,test_C_500,19:27:00,,19:35:00,,上行,test_C_00,19:40:20,,19:48:20,,下行,test_C_500,19:51:00,,19:59:00,,上行,test_C_00,20:04:20,,20:12:20,,下行,test_C_501,20:15:00,,20:25:00,,下行,test_A_502,20:27:00,,20:47:40,,上行,test_A_02,20:52:30,,21:13:10,,上行,test_C_01,21:15:10,,21:25:10,,下行,test_C_500,21:27:00,,21:35:00,,上行,test_C_00,21:40:20,,21:48:20,,下行,test_C_500,21:51:00,,21:59:00,,,,22:07:50,,22:14:20,,S庫,,,,22:14:20,,,,,,,,,,,,,,,,,,,,,,,,,,,,,,,,,,,,,,,,,,,,,,,,,,,,,,,,,,,,,,,,,,,,,,,,,,,,,,,,,,,,,,,,,,,,,,,,,,,,,,,,,,,,,,,,,,,22:14:20
33,一般列車,S,1,test_C,3567,S,>,O,2,test_C,3574,O,>,S,3,test_C,3575,S,>,J,4,test_A,2515,J,>,A,5,test_A,2518,A,>,J,6,test_C,3592,J,>,S,7,test_C,3599,S,>,O,8,test_C,3606,O,>,S,9,test_C,3607,S,>,O,10,test_C,3614,O,>,S,11,test_C,3615,S,>,J,12,test_A,2523,J,>,A,13,test_A,2526,A,>,J,14,test_C,3632,J,>,S,15,test_C,3639,S,>,O,16,test_C,3646,O,>,S,17,test_C,3647,S,>,O,18,test_C,3654,O,>,S,19,test_C,3655,S,>,J,20,test_A,2531,J,>,A,21,test_A,2534,A,>,J,22,test_C,3672,J,>,S,23,test_C,3679,S,>,O,24,test_C,3686,O,>,S,25,test_C,3687,S,>,O,26,test_C,3694,O,>,S,27,test_C,3695,S,>,J,28,test_A,2539,J,>,A,29,test_A,2542,A,>,J,30,test_C,3712,J,>,S,31,test_C,3719,S,>,O,32,test_C,3726,O,>,S,33,test_C,3727,S,>,O,34,test_C,3734,O,>,S,35,test_C,3735,S,>,J,36,test_A,2547,J,>,A,37,test_A,2550,A,>,J,38,test_C,3752,J,>,S,39,test_C,3759,S,>,O,40,test_C,3766,O,>,S,41,test_C,3767,S,>,O,42,test_C,3774,O,>,S,43,test_C,3775,S,>,J,44,test_A,2555,J,>,A,45,test_A,2558,A,>,J,46,test_C,3792,J,>,S,47,test_C,3799,S,>,O,48,test_C,3806,O,>,S,49,test_C,3807,S,>,O,50,test_C,3814,O,>,S,51,test_C,3815,S,>,J,52,test_A,2563,J,>,A,53,test_A,2566,A,>,J,54,test_C,3832,J,>,S,55,test_C,3839,S,>,O,56,test_C,3846,O,>,S,57,test_C,3847,S,>,O,58,test_C,3854,O,>,S,59,test_C,3855,S,>,J,60,test_A,2571,J,>,A,61,test_A,2574,A,>,J,62,test_C,3872,J,>,S,63,test_C,3879,S,>,O,64,test_C,3886,O,>,S,65,test_C,3885,S,>,O,66,test_C,3892,O,>,S,67,test_C,3893,S,>,O,68,test_C,3900,O,>,S,69,test_C,3897,S,>,O,70,test_C,3906,O,>,S,71,test_C,3901,S,>,O,72,test_C,3912,O,>,S,73,入庫,,,>,S庫,,,,,,,,,,,,,,,,,,,,,,,,,,,,,,,,,,,,,,,,,,,,,,,,,,,,,,,,,,,,,,,,,,,S庫
,T_017,,,下行,test_C_500,06:21:00,,06:29:00,,上行,test_C_00,06:34:20,,06:42:20,,下行,test_C_501,06:45:00,,06:55:00,,下行,test_A_502,06:57:00,,07:17:40,,上行,test_A_02,07:22:30,,07:43:10,,上行,test_C_01,07:45:10,,07:55:10,,下行,test_C_500,07:57:00,,08:05:00,,上行,test_C_00,08:10:20,,08:18:20,,下行,test_C_500,08:21:00,,08:29:00,,上行,test_C_00,08:34:20,,08:42:20,,下行,test_C_501,08:45:00,,08:55:00,,下行,test_A_502,08:57:00,,09:17:40,,上行,test_A_02,09:22:30,,09:43:10,,上行,test_C_01,09:45:10,,09:55:10,,下行,test_C_500,09:57:00,,10:05:00,,上行,test_C_00,10:10:20,,10:18:20,,下行,test_C_500,10:21:00,,10:29:00,,上行,test_C_00,10:34:20,,10:42:20,,下行,test_C_501,10:45:00,,10:55:00,,下行,test_A_502,10:57:00,,11:17:40,,上行,test_A_02,11:22:30,,11:43:10,,上行,test_C_01,11:45:10,,11:55:10,,下行,test_C_500,11:57:00,,12:05:00,,上行,test_C_00,12:10:20,,12:18:20,,下行,test_C_500,12:21:00,,12:29:00,,上行,test_C_00,12:34:20,,12:42:20,,下行,test_C_501,12:45:00,,12:55:00,,下行,test_A_502,12:57:00,,13:17:40,,上行,test_A_02,13:22:30,,13:43:10,,上行,test_C_01,13:45:10,,13:55:10,,下行,test_C_500,13:57:00,,14:05:00,,上行,test_C_00,14:10:20,,14:18:20,,下行,test_C_500,14:21:00,,14:29:00,,上行,test_C_00,14:34:20,,14:42:20,,下行,test_C_501,14:45:00,,14:55:00,,下行,test_A_502,14:57:00,,15:17:40,,上行,test_A_02,15:22:30,,15:43:10,,上行,test_C_01,15:45:10,,15:55:10,,下行,test_C_500,15:57:00,,16:05:00,,上行,test_C_00,16:10:20,,16:18:20,,下行,test_C_500,16:21:00,,16:29:00,,上行,test_C_00,16:34:20,,16:42:20,,下行,test_C_501,16:45:00,,16:55:00,,下行,test_A_502,16:57:00,,17:17:40,,上行,test_A_02,17:22:30,,17:43:10,,上行,test_C_01,17:45:10,,17:55:10,,下行,test_C_500,17:57:00,,18:05:00,,上行,test_C_00,18:10:20,,18:18:20,,下行,test_C_500,18:21:00,,18:29:00,,上行,test_C_00,18:34:20,,18:42:20,,下行,test_C_501,18:45:00,,18:55:00,,下行,test_A_502,18:57:00,,19:17:40,,上行,test_A_02,19:22:30,,19:43:10,,上行,test_C_01,19:45:10,,19:55:10,,下行,test_C_500,19:57:00,,20:05:00,,上行,test_C_00,20:10:20,,20:18:20,,下行,test_C_500,20:21:00,,20:29:00,,上行,test_C_00,20:34:20,,20:42:20,,下行,test_C_501,20:45:00,,20:55:00,,下行,test_A_502,20:57:00,,21:17:40,,上行,test_A_02,21:22:30,,21:43:10,,上行,test_C_01,21:45:10,,21:55:10,,下行,test_C_500,21:57:00,,22:05:00,,上行,test_C_00,22:05:37,,22:13:37,,下行,test_C_500,22:21:25,,22:29:25,,上行,test_C_00,22:39:54,,22:47:54,,下行,test_C_500,22:55:42,,23:03:42,,上行,test_C_00,23:08:50,,23:16:50,,下行,test_C_500,23:22:30,,23:30:30,,上行,test_C_00,23:40:50,,23:48:50,,下行,test_C_500,23:52:30,,00:00:30,,上行,test_C_00,00:10:50,,00:18:50,,S庫,,,,00:26:50,,,,,,,,,,,,,,,,,,,,,,,,,,,,,,,,,,,,,,,,,,,,,,,,,,,,,,,,,,,,,,,,,,,00:26:50
34,一般列車,S,1,test_C,3569,S,>,O,2,test_C,3576,O,>,S,3,test_C,3577,S,>,O,4,test_C,3584,O,>,S,5,test_C,3585,S,>,J,6,test_A,2517,J,>,A,7,test_A,2520,A,>,J,8,test_C,3602,J,>,S,9,test_C,3609,S,>,O,10,test_C,3616,O,>,S,11,test_C,3617,S,>,O,12,test_C,3624,O,>,S,13,test_C,3625,S,>,J,14,test_A,2525,J,>,A,15,test_A,2528,A,>,J,16,test_C,3642,J,>,S,17,test_C,3649,S,>,O,18,test_C,3656,O,>,S,19,test_C,3657,S,>,O,20,test_C,3664,O,>,S,21,test_C,3665,S,>,J,22,test_A,2533,J,>,A,23,test_A,2536,A,>,J,24,test_C,3682,J,>,S,25,test_C,3689,S,>,O,26,test_C,3696,O,>,S,27,test_C,3697,S,>,O,28,test_C,3704,O,>,S,29,test_C,3705,S,>,J,30,test_A,2541,J,>,A,31,test_A,2544,A,>,J,32,test_C,3722,J,>,S,33,test_C,3729,S,>,O,34,test_C,3736,O,>,S,35,test_C,3737,S,>,O,36,test_C,3744,O,>,S,37,test_C,3745,S,>,J,38,test_A,2549,J,>,A,39,test_A,2552,A,>,J,40,test_C,3762,J,>,S,41,test_C,3769,S,>,O,42,test_C,3776,O,>,S,43,test_C,3777,S,>,O,44,test_C,3784,O,>,S,45,test_C,3785,S,>,J,46,test_A,2557,J,>,A,47,test_A,2560,A,>,J,48,test_C,3802,J,>,S,49,test_C,3809,S,>,O,50,test_C,3816,O,>,S,51,test_C,3817,S,>,O,52,test_C,3824,O,>,S,53,test_C,3825,S,>,J,54,test_A,2565,J,>,A,55,test_A,2568,A,>,J,56,test_C,3842,J,>,S,57,test_C,3849,S,>,O,58,test_C,3856,O,>,S,59,test_C,3857,S,>,O,60,test_C,3864,O,>,S,61,test_C,3865,S,>,J,62,test_A,2573,J,>,A,63,test_A,2576,A,>,J,64,test_C,3882,J,>,S,65,test_C,3887,S,>,J,66,test_A,2577,J,>,A,67,test_A,3660,A,>,J,68,test_A,2583,J,>,A,69,test_A,3664,A,>,J,70,回送,1508,J,>,S,71,入庫,,,>,S庫,,,,,,,,,,,,,,,,,,,,,,,,,,,,,,,,,,,,,,,,,,,,,,,,,,,,,,,,,,,,,,,,,,,,,,,,,,,,,,,S庫
,T_018,,,下行,test_C_500,06:27:00,,06:35:00,,上行,test_C_00,06:40:20,,06:48:20,,下行,test_C_500,06:51:00,,06:59:00,,上行,test_C_00,07:04:20,,07:12:20,,下行,test_C_501,07:15:00,,07:25:00,,下行,test_A_502,07:27:00,,07:47:40,,上行,test_A_02,07:52:30,,08:13:10,,上行,test_C_01,08:15:10,,08:25:10,,下行,test_C_500,08:27:00,,08:35:00,,上行,test_C_00,08:40:20,,08:48:20,,下行,test_C_500,08:51:00,,08:59:00,,上行,test_C_00,09:04:20,,09:12:20,,下行,test_C_501,09:15:00,,09:25:00,,下行,test_A_502,09:27:00,,09:47:40,,上行,test_A_02,09:52:30,,10:13:10,,上行,test_C_01,10:15:10,,10:25:10,,下行,test_C_500,10:27:00,,10:35:00,,上行,test_C_00,10:40:20,,10:48:20,,下行,test_C_500,10:51:00,,10:59:00,,上行,test_C_00,11:04:20,,11:12:20,,下行,test_C_501,11:15:00,,11:25:00,,下行,test_A_502,11:27:00,,11:47:40,,上行,test_A_02,11:52:30,,12:13:10,,上行,test_C_01,12:15:10,,12:25:10,,下行,test_C_500,12:27:00,,12:35:00,,上行,test_C_00,12:40:20,,12:48:20,,下行,test_C_500,12:51:00,,12:59:00,,上行,test_C_00,13:04:20,,13:12:20,,下行,test_C_501,13:15:00,,13:25:00,,下行,test_A_502,13:27:00,,13:47:40,,上行,test_A_02,13:52:30,,14:13:10,,上行,test_C_01,14:15:10,,14:25:10,,下行,test_C_500,14:27:00,,14:35:00,,上行,test_C_00,14:40:20,,14:48:20,,下行,test_C_500,14:51:00,,14:59:00,,上行,test_C_00,15:04:20,,15:12:20,,下行,test_C_501,15:15:00,,15:25:00,,下行,test_A_502,15:27:00,,15:47:40,,上行,test_A_02,15:52:30,,16:13:10,,上行,test_C_01,16:15:10,,16:25:10,,下行,test_C_500,16:27:00,,16:35:00,,上行,test_C_00,16:40:20,,16:48:20,,下行,test_C_500,16:51:00,,16:59:00,,上行,test_C_00,17:04:20,,17:12:20,,下行,test_C_501,17:15:00,,17:25:00,,下行,test_A_502,17:27:00,,17:47:40,,上行,test_A_02,17:52:30,,18:13:10,,上行,test_C_01,18:15:10,,18:25:10,,下行,test_C_500,18:27:00,,18:35:00,,上行,test_C_00,18:40:20,,18:48:20,,下行,test_C_500,18:51:00,,18:59:00,,上行,test_C_00,19:04:20,,19:12:20,,下行,test_C_501,19:15:00,,19:25:00,,下行,test_A_502,19:27:00,,19:47:40,,上行,test_A_02,19:52:30,,20:13:10,,上行,test_C_01,20:15:10,,20:25:10,,下行,test_C_500,20:27:00,,20:35:00,,上行,test_C_00,20:40:20,,20:48:20,,下行,test_C_500,20:51:00,,20:59:00,,上行,test_C_00,21:04:20,,21:12:20,,下行,test_C_501,21:15:00,,21:25:00,,下行,test_A_502,21:27:00,,21:47:40,,上行,test_A_02,21:52:30,,22:13:10,,上行,test_C_01,22:15:10,,22:25:10,,下行,test_C_501,22:30:00,,22:40:00,,下行,test_A_502,22:44:30,,23:05:10,,上行,test_A_00,23:15:40,,23:40:40,,下行,test_A_502,23:45:00,,00:05:40,,上行,test_A_00,00:15:40,,00:40:40,,,,00:48:40,,00:57:10,,S庫,,,,00:57:10,,,,,,,,,,,,,,,,,,,,,,,,,,,,,,,,,,,,,,,,,,,,,,,,,,,,,,,,,,,,,,,,,,,,,,,,,,,,,,,00:57:10
